1767767759116369664,0.00188,-0.00000,-0.00064,0.73604,-0.67684,0.00731,0.00898,0.00006,0.00255,-0.00080,
1767767759176064512,0.00091,-0.00075,0.00041,0.73580,-0.67710,0.00794,0.00819,0.00023,0.00024,0.00011,
1767767759236594944,0.00053,-0.00077,0.00033,0.73594,-0.67696,0.00769,0.00796,0.00014,-0.00006,-0.00007,
1767767759296593920,0.00027,-0.00066,0.00025,0.73603,-0.67686,0.00749,0.00769,0.00008,-0.00002,-0.00019,
1767767759356504320,0.00023,-0.00056,0.00019,0.73608,-0.67681,0.00744,0.00762,-0.00000,0.00019,0.00020,
1767767759417334272,0.00021,-0.00055,0.00020,0.73609,-0.67680,0.00744,0.00762,-0.00018,0.00013,0.00005,
1767767759477686272,0.00022,-0.00055,0.00019,0.73610,-0.67679,0.00744,0.00762,-0.00021,-0.00008,-0.00004,
1767767759538020096,0.00025,-0.00067,0.00020,0.73609,-0.67680,0.00746,0.00766,-0.00040,0.00024,-0.00006,
1767767759599203328,0.00026,-0.00067,0.00022,0.73608,-0.67682,0.00745,0.00769,-0.00014,0.00011,0.00012,
1767767759659844864,0.00025,-0.00067,0.00020,0.73607,-0.67682,0.00745,0.00769,-0.00046,-0.00008,0.00008,
1767767759719944448,0.00031,-0.00067,0.00007,0.73615,-0.67673,0.00742,0.00773,-0.00034,-0.00081,0.00006,
1767767759779502080,0.00011,-0.00012,-0.00026,0.73624,-0.67664,0.00745,0.00760,-0.00078,-0.00124,0.00031,
1767767759838518016,0.00013,-0.00020,-0.00017,0.73617,-0.67671,0.00750,0.00767,-0.00013,-0.00143,0.00051,
1767767759896992256,0.00010,-0.00024,-0.00013,0.73615,-0.67673,0.00753,0.00764,-0.00036,-0.00126,0.00003,
1767767759954924288,0.00009,-0.00025,-0.00013,0.73615,-0.67673,0.00754,0.00765,0.00006,-0.00117,0.00008,
1767767760012314624,0.00009,-0.00025,-0.00013,0.73614,-0.67674,0.00754,0.00764,-0.00001,-0.00101,0.00017,
1767767760069162752,0.00008,-0.00021,-0.00013,0.73614,-0.67675,0.00753,0.00766,-0.00018,-0.00088,0.00002,
1767767760125469184,0.00009,-0.00023,-0.00014,0.73615,-0.67673,0.00754,0.00766,-0.00001,-0.00131,-0.00001,
1767767760181233920,0.00010,-0.00026,-0.00013,0.73613,-0.67675,0.00752,0.00765,-0.00040,-0.00059,-0.00015,
1767767760236456704,0.00011,-0.00025,-0.00016,0.73616,-0.67673,0.00754,0.00765,-0.00002,-0.00187,0.00019,
1767767760291137536,0.00011,-0.00024,-0.00015,0.73614,-0.67674,0.00753,0.00764,-0.00008,-0.00166,0.00043,
1767767760345276416,0.00011,-0.00023,-0.00017,0.73616,-0.67672,0.00752,0.00764,0.00003,-0.00225,0.00032,
1767767760394023680,0.00011,-0.00026,-0.00015,0.73613,-0.67675,0.00753,0.00764,-0.00023,-0.00243,0.00065,
1767767760461543168,0.00009,-0.00025,-0.00014,0.73613,-0.67676,0.00754,0.00765,-0.00006,-0.00166,0.00040,
1767767760529026304,0.00010,-0.00026,-0.00013,0.73612,-0.67676,0.00753,0.00765,-0.00008,-0.00167,0.00029,
1767767760596473344,0.00008,-0.00025,-0.00011,0.73611,-0.67678,0.00756,0.00764,0.00034,-0.00129,0.00012,
1767767760663884544,0.00009,-0.00026,-0.00011,0.73610,-0.67679,0.00755,0.00762,0.00023,-0.00135,0.00032,
1767767760731259648,0.00010,-0.00024,-0.00014,0.73611,-0.67677,0.00756,0.00765,0.00002,-0.00157,0.00029,
1767767760798598400,0.00012,-0.00022,-0.00017,0.73613,-0.67675,0.00754,0.00766,0.00022,-0.00210,0.00044,
1767767760865901312,0.00010,-0.00026,-0.00016,0.73613,-0.67675,0.00755,0.00763,-0.00044,-0.00244,0.00028,
1767767760933167616,0.00008,-0.00023,-0.00013,0.73610,-0.67678,0.00753,0.00761,-0.00019,-0.00133,0.00022,
1767767761000398080,0.00007,-0.00022,-0.00011,0.73610,-0.67679,0.00751,0.00761,0.00032,-0.00155,0.00025,
1767767761067592960,0.00007,-0.00024,-0.00010,0.73610,-0.67679,0.00751,0.00758,0.00006,-0.00146,0.00017,
1767767761134750976,0.00007,-0.00024,-0.00009,0.73608,-0.67681,0.00751,0.00756,-0.00001,-0.00080,0.00008,
1767767761201873408,0.00007,-0.00025,-0.00010,0.73608,-0.67681,0.00753,0.00758,0.00038,-0.00115,0.00018,
1767767761268959488,0.00007,-0.00025,-0.00010,0.73608,-0.67681,0.00754,0.00759,-0.00024,-0.00130,0.00021,
1767767761336009472,0.00008,-0.00025,-0.00010,0.73608,-0.67681,0.00754,0.00759,0.00067,-0.00165,0.00021,
1767767761403418112,0.00007,-0.00025,-0.00010,0.73608,-0.67681,0.00753,0.00757,0.00005,-0.00163,-0.00002,
1767767761469392896,0.00008,-0.00024,-0.00012,0.73609,-0.67680,0.00755,0.00760,-0.00052,-0.00078,0.00061,
1767767761535268096,0.00008,-0.00027,-0.00013,0.73610,-0.67679,0.00756,0.00759,0.00039,-0.00233,0.00048,
1767767761601043968,0.00008,-0.00028,-0.00012,0.73610,-0.67679,0.00757,0.00759,-0.00009,-0.00277,0.00068,
1767767761666720256,0.00009,-0.00027,-0.00012,0.73609,-0.67680,0.00755,0.00759,0.00025,-0.00246,0.00049,
1767767761732297472,0.00008,-0.00025,-0.00013,0.73612,-0.67677,0.00756,0.00758,-0.00036,-0.00197,0.00003,
1767767761797774848,0.00010,-0.00029,-0.00014,0.73611,-0.67677,0.00757,0.00761,0.00041,-0.00240,0.00017,
1767767761863152640,0.00009,-0.00027,-0.00014,0.73610,-0.67679,0.00758,0.00762,-0.00002,-0.00164,0.00034,
1767767761928431872,0.00011,-0.00026,-0.00016,0.73611,-0.67678,0.00756,0.00765,0.00052,-0.00260,0.00058,
1767767761993610752,0.00012,-0.00032,-0.00015,0.73611,-0.67678,0.00757,0.00764,0.00015,-0.00333,0.00029,
1767767762058690560,0.00008,-0.00028,-0.00013,0.73609,-0.67680,0.00758,0.00761,0.00045,-0.00196,0.00019,
1767767762123670784,0.00008,-0.00027,-0.00012,0.73609,-0.67680,0.00758,0.00762,0.00008,-0.00167,0.00015,
1767767762188551680,0.00009,-0.00028,-0.00012,0.73610,-0.67679,0.00758,0.00761,0.00038,-0.00187,-0.00004,
1767767762253333248,0.00009,-0.00025,-0.00013,0.73609,-0.67680,0.00758,0.00761,0.00031,-0.00144,0.00041,
1767767762318014976,0.00009,-0.00028,-0.00014,0.73609,-0.67679,0.00757,0.00763,0.00010,-0.00283,0.00060,
1767767762382042368,0.00010,-0.00026,-0.00014,0.73610,-0.67679,0.00757,0.00765,0.00094,-0.00158,0.00008,
1767767762448070144,0.00014,-0.00029,-0.00019,0.73614,-0.67675,0.00755,0.00765,0.00013,-0.00393,0.00074,
1767767762514049536,0.00022,-0.00028,-0.00026,0.73617,-0.67671,0.00754,0.00771,0.00026,-0.00551,0.00098,
1767767762579981312,0.00023,-0.00024,-0.00029,0.73619,-0.67669,0.00752,0.00773,-0.00012,-0.00525,0.00053,
1767767762645865216,0.00022,-0.00020,-0.00030,0.73619,-0.67669,0.00752,0.00773,-0.00067,-0.00564,0.00092,
1767767762711701248,0.00024,-0.00020,-0.00029,0.73618,-0.67670,0.00751,0.00776,0.00053,-0.00570,0.00076,
1767767762777489408,0.00024,-0.00021,-0.00030,0.73619,-0.67669,0.00751,0.00776,0.00019,-0.00611,0.00111,
1767767762843229696,0.00028,-0.00028,-0.00031,0.73620,-0.67667,0.00750,0.00776,0.00073,-0.00645,0.00102,
1767767762908922112,0.00035,-0.00032,-0.00032,0.73621,-0.67667,0.00749,0.00781,0.00048,-0.00633,0.00069,
1767767762974566656,0.00038,-0.00035,-0.00032,0.73621,-0.67667,0.00750,0.00785,0.00038,-0.00697,0.00098,
1767767763040163328,0.00031,-0.00030,-0.00030,0.73618,-0.67670,0.00751,0.00780,-0.00011,-0.00683,0.00148,
1767767763105712128,0.00030,-0.00031,-0.00030,0.73618,-0.67670,0.00751,0.00779,0.00042,-0.00737,0.00094,
1767767763171213056,0.00028,-0.00035,-0.00029,0.73618,-0.67670,0.00753,0.00777,0.00021,-0.00692,0.00076,
1767767763236666112,0.00023,-0.00033,-0.00026,0.73617,-0.67671,0.00752,0.00771,-0.00022,-0.00666,0.00089,
1767767763302071552,0.00016,-0.00022,-0.00024,0.73615,-0.67673,0.00755,0.00769,-0.00011,-0.00546,0.00061,
1767767763366934016,0.00018,-0.00020,-0.00024,0.73615,-0.67674,0.00755,0.00773,0.00030,-0.00630,0.00130,
1767767763433538560,0.00017,-0.00022,-0.00023,0.73614,-0.67675,0.00755,0.00772,-0.00024,-0.00649,0.00105,
1767767763500136448,0.00019,-0.00028,-0.00023,0.73615,-0.67673,0.00757,0.00773,0.00040,-0.00687,0.00091,
1767767763566727936,0.00016,-0.00025,-0.00022,0.73613,-0.67675,0.00757,0.00770,-0.00005,-0.00576,0.00086,
1767767763633312512,0.00015,-0.00021,-0.00022,0.73614,-0.67674,0.00756,0.00769,0.00011,-0.00629,0.00074,
1767767763699890688,0.00018,-0.00029,-0.00021,0.73613,-0.67675,0.00757,0.00772,0.00048,-0.00678,0.00131,
1767767763766462208,0.00018,-0.00032,-0.00022,0.73614,-0.67674,0.00757,0.00769,0.00002,-0.00633,0.00094,
1767767763833026816,0.00018,-0.00034,-0.00021,0.73615,-0.67674,0.00757,0.00769,0.00009,-0.00663,0.00092,
1767767763899585280,0.00017,-0.00032,-0.00021,0.73614,-0.67674,0.00757,0.00767,-0.00027,-0.00635,0.00097,
1767767763966136576,0.00014,-0.00031,-0.00019,0.73614,-0.67674,0.00757,0.00764,0.00002,-0.00634,0.00079,
1767767764032681984,0.00013,-0.00023,-0.00017,0.73612,-0.67676,0.00756,0.00766,-0.00030,-0.00559,0.00089,
1767767764099220224,0.00013,-0.00021,-0.00018,0.73613,-0.67675,0.00756,0.00767,0.00017,-0.00664,0.00091,
1767767764165752064,0.00015,-0.00029,-0.00017,0.73612,-0.67676,0.00757,0.00767,0.00050,-0.00718,0.00137,
1767767764232277504,0.00012,-0.00027,-0.00015,0.73610,-0.67679,0.00758,0.00765,-0.00003,-0.00656,0.00129,
1767767764298796032,0.00013,-0.00029,-0.00017,0.73612,-0.67676,0.00758,0.00765,0.00034,-0.00706,0.00076,
1767767764365302272,0.00012,-0.00032,-0.00016,0.73612,-0.67677,0.00759,0.00762,-0.00027,-0.00665,0.00110,
1767767764431837440,0.00011,-0.00026,-0.00016,0.73610,-0.67678,0.00759,0.00765,-0.00015,-0.00593,0.00075,
1767767764498363136,0.00011,-0.00023,-0.00016,0.73611,-0.67677,0.00758,0.00764,-0.00008,-0.00672,0.00104,
1767767764564879616,0.00012,-0.00028,-0.00015,0.73611,-0.67677,0.00758,0.00765,-0.00007,-0.00681,0.00096,
1767767764631386880,0.00013,-0.00030,-0.00017,0.73614,-0.67675,0.00757,0.00764,0.00008,-0.00620,0.00051,
1767767764697884416,0.00011,-0.00026,-0.00015,0.73611,-0.67677,0.00758,0.00764,-0.00003,-0.00598,0.00097,
1767767764764372224,0.00011,-0.00030,-0.00014,0.73610,-0.67679,0.00758,0.00763,-0.00006,-0.00710,0.00155,
1767767764830850816,0.00011,-0.00033,-0.00013,0.73609,-0.67679,0.00758,0.00761,-0.00004,-0.00679,0.00115,
1767767764897319936,0.00009,-0.00032,-0.00012,0.73609,-0.67680,0.00760,0.00760,-0.00026,-0.00691,0.00142,
1767767764963779584,0.00009,-0.00025,-0.00013,0.73610,-0.67679,0.00759,0.00761,-0.00045,-0.00602,0.00079,
1767767765030230272,0.00009,-0.00023,-0.00013,0.73610,-0.67678,0.00758,0.00762,-0.00001,-0.00677,0.00093,
1767767765096671232,0.00010,-0.00031,-0.00012,0.73610,-0.67679,0.00759,0.00761,-0.00008,-0.00747,0.00143,
1767767765163102720,0.00009,-0.00029,-0.00011,0.73608,-0.67681,0.00758,0.00761,-0.00011,-0.00640,0.00121,
1767767765229524736,0.00010,-0.00031,-0.00012,0.73609,-0.67680,0.00758,0.00761,0.00018,-0.00716,0.00140,
1767767765295937280,0.00009,-0.00032,-0.00012,0.73609,-0.67680,0.00759,0.00759,-0.00021,-0.00656,0.00088,
1767767765362231552,0.00008,-0.00025,-0.00010,0.73608,-0.67681,0.00756,0.00758,0.00033,-0.00629,0.00123,
1767767765428906496,0.00009,-0.00028,-0.00011,0.73610,-0.67679,0.00758,0.00760,-0.00021,-0.00708,0.00098,
1767767765495580672,0.00009,-0.00032,-0.00011,0.73608,-0.67681,0.00759,0.00759,0.00001,-0.00658,0.00133,
1767767765562254080,0.00009,-0.00031,-0.00011,0.73609,-0.67679,0.00759,0.00759,-0.00010,-0.00645,0.00090,
1767767765628926976,0.00009,-0.00031,-0.00010,0.73609,-0.67680,0.00760,0.00760,-0.00014,-0.00670,0.00128,
1767767765695599104,0.00008,-0.00025,-0.00011,0.73609,-0.67680,0.00759,0.00761,-0.00032,-0.00592,0.00087,
1767767765762270464,0.00008,-0.00023,-0.00011,0.73609,-0.67679,0.00759,0.00760,-0.00025,-0.00654,0.00108,
1767767765828941056,0.00009,-0.00027,-0.00011,0.73610,-0.67679,0.00759,0.00760,-0.00017,-0.00707,0.00136,
1767767765895611136,0.00008,-0.00033,-0.00009,0.73607,-0.67682,0.00761,0.00758,0.00012,-0.00736,0.00131,
1767767765962280192,0.00008,-0.00032,-0.00010,0.73608,-0.67680,0.00761,0.00756,-0.00041,-0.00659,0.00110,
1767767766028948992,0.00007,-0.00032,-0.00008,0.73607,-0.67681,0.00762,0.00756,-0.00019,-0.00697,0.00097,
1767767766095616768,0.00007,-0.00034,-0.00008,0.73607,-0.67682,0.00761,0.00755,-0.00020,-0.00754,0.00143,
1767767766162283776,0.00007,-0.00032,-0.00009,0.73608,-0.67681,0.00761,0.00755,-0.00009,-0.00693,0.00092,
1767767766228950272,0.00006,-0.00026,-0.00009,0.73608,-0.67681,0.00761,0.00755,-0.00056,-0.00648,0.00102,
1767767766295616000,0.00007,-0.00031,-0.00008,0.73609,-0.67680,0.00761,0.00756,-0.00037,-0.00771,0.00140,
1767767766362265856,0.00007,-0.00025,-0.00010,0.73610,-0.67679,0.00761,0.00757,-0.00026,-0.00627,0.00107,
1767767766428965888,0.00006,-0.00029,-0.00008,0.73609,-0.67680,0.00762,0.00756,-0.00061,-0.00752,0.00129,
1767767766495665664,0.00007,-0.00031,-0.00009,0.73610,-0.67679,0.00760,0.00756,-0.00031,-0.00691,0.00096,
1767767766562365952,0.00007,-0.00025,-0.00009,0.73610,-0.67679,0.00758,0.00758,0.00013,-0.00622,0.00086,
1767767766629066496,0.00007,-0.00029,-0.00009,0.73611,-0.67678,0.00761,0.00759,-0.00029,-0.00731,0.00136,
1767767766695767040,0.00007,-0.00032,-0.00008,0.73610,-0.67679,0.00762,0.00757,-0.00020,-0.00685,0.00138,
1767767766762467840,0.00007,-0.00031,-0.00008,0.73610,-0.67679,0.00762,0.00755,-0.00050,-0.00663,0.00112,
1767767766829168640,0.00006,-0.00033,-0.00008,0.73611,-0.67678,0.00763,0.00756,-0.00032,-0.00707,0.00097,
1767767766895869696,0.00006,-0.00025,-0.00010,0.73612,-0.67676,0.00761,0.00757,-0.00017,-0.00584,0.00072,
1767767766962571008,0.00007,-0.00027,-0.00009,0.73613,-0.67676,0.00760,0.00759,-0.00034,-0.00661,0.00101,
1767767767029272320,0.00008,-0.00029,-0.00009,0.73613,-0.67676,0.00760,0.00758,0.00036,-0.00580,0.00111,
1767767767095973888,0.00007,-0.00022,-0.00010,0.73614,-0.67674,0.00760,0.00758,-0.00073,-0.00551,0.00090,
1767767767162675712,0.00007,-0.00018,-0.00010,0.73615,-0.67674,0.00761,0.00759,-0.00018,-0.00588,0.00081,
1767767767229377536,0.00008,-0.00018,-0.00011,0.73615,-0.67673,0.00759,0.00761,-0.00006,-0.00583,0.00072,
1767767767296079616,0.00007,-0.00024,-0.00010,0.73615,-0.67673,0.00761,0.00758,-0.00044,-0.00684,0.00101,
1767767767362786048,0.00008,-0.00029,-0.00010,0.73616,-0.67672,0.00761,0.00757,-0.00010,-0.00618,0.00089,
1767767767429477632,0.00007,-0.00029,-0.00009,0.73615,-0.67674,0.00762,0.00756,-0.00025,-0.00587,0.00103,
1767767767496169216,0.00007,-0.00020,-0.00011,0.73618,-0.67670,0.00761,0.00758,-0.00016,-0.00475,0.00062,
1767767767562860800,0.00008,-0.00023,-0.00011,0.73620,-0.67668,0.00761,0.00758,-0.00014,-0.00596,0.00084,
1767767767629552640,0.00007,-0.00021,-0.00010,0.73619,-0.67669,0.00761,0.00757,-0.00056,-0.00528,0.00103,
1767767767696243968,0.00008,-0.00025,-0.00010,0.73619,-0.67669,0.00759,0.00758,0.00019,-0.00623,0.00073,
1767767767762935552,0.00008,-0.00027,-0.00011,0.73621,-0.67666,0.00761,0.00756,-0.00039,-0.00541,0.00079,
1767767767829627136,0.00007,-0.00022,-0.00011,0.73621,-0.67667,0.00759,0.00755,-0.00048,-0.00493,0.00093,
1767767767896318464,0.00007,-0.00019,-0.00010,0.73622,-0.67666,0.00756,0.00754,0.00006,-0.00569,0.00080,
1767767767963009792,0.00007,-0.00023,-0.00010,0.73622,-0.67665,0.00757,0.00752,-0.00062,-0.00611,0.00083,
1767767768029701120,0.00007,-0.00025,-0.00010,0.73622,-0.67665,0.00758,0.00752,-0.00008,-0.00538,0.00065,
1767767768096392448,0.00007,-0.00026,-0.00010,0.73623,-0.67664,0.00757,0.00752,-0.00024,-0.00558,0.00099,
1767767768163083776,0.00007,-0.00025,-0.00010,0.73624,-0.67664,0.00758,0.00752,-0.00010,-0.00551,0.00072,
1767767768229775104,0.00007,-0.00026,-0.00010,0.73624,-0.67663,0.00757,0.00752,-0.00025,-0.00568,0.00086,
1767767768296466432,0.00007,-0.00026,-0.00010,0.73625,-0.67663,0.00757,0.00752,0.00009,-0.00543,0.00091,
1767767768363141376,0.00007,-0.00021,-0.00010,0.73626,-0.67662,0.00756,0.00753,-0.00019,-0.00508,0.00068,
1767767768429870592,0.00008,-0.00029,-0.00011,0.73629,-0.67658,0.00754,0.00751,-0.00005,-0.00665,0.00101,
1767767768496601344,0.00008,-0.00034,-0.00011,0.73629,-0.67658,0.00754,0.00748,-0.00020,-0.00611,0.00115,
1767767768563333632,0.00008,-0.00035,-0.00011,0.73630,-0.67657,0.00753,0.00748,-0.00058,-0.00623,0.00090,
1767767768630066944,0.00008,-0.00033,-0.00011,0.73631,-0.67656,0.00752,0.00748,0.00018,-0.00593,0.00092,
1767767768696801536,0.00007,-0.00034,-0.00011,0.73632,-0.67655,0.00753,0.00746,-0.00063,-0.00593,0.00064,
1767767768763538176,0.00008,-0.00027,-0.00011,0.73632,-0.67655,0.00749,0.00749,-0.00001,-0.00557,0.00116,
1767767768830275840,0.00008,-0.00025,-0.00011,0.73633,-0.67654,0.00748,0.00749,-0.00021,-0.00609,0.00119,
1767767768897014784,0.00008,-0.00028,-0.00010,0.73632,-0.67655,0.00746,0.00748,-0.00009,-0.00699,0.00110,
1767767768963755264,0.00007,-0.00024,-0.00010,0.73634,-0.67653,0.00744,0.00746,0.00005,-0.00592,0.00085,
1767767769030497280,0.00006,-0.00021,-0.00010,0.73636,-0.67651,0.00743,0.00743,0.00003,-0.00589,0.00098,
1767767769097240320,0.00031,-0.00008,-0.00047,0.73682,-0.67601,0.00733,0.00765,0.00008,-0.00198,0.00016,
1767767769163984896,0.00049,-0.00003,-0.00057,0.73687,-0.67594,0.00728,0.00784,0.00016,0.00006,-0.00017,
1767767769230731264,0.00053,-0.00010,-0.00057,0.73688,-0.67593,0.00729,0.00786,0.00004,-0.00178,-0.00011,
1767767769297478656,0.00052,-0.00004,-0.00058,0.73688,-0.67594,0.00729,0.00787,-0.00029,0.00013,-0.00013,
1767767769364231168,0.00052,-0.00011,-0.00057,0.73688,-0.67594,0.00730,0.00786,-0.00009,-0.00167,0.00017,
1767767769430971136,0.00048,-0.00004,-0.00056,0.73688,-0.67594,0.00728,0.00782,0.00014,0.00017,-0.00019,
1767767769497712640,0.00047,-0.00001,-0.00057,0.73687,-0.67595,0.00727,0.00782,0.00035,-0.00107,-0.00002,
1767767769564455680,0.00054,-0.00009,-0.00057,0.73687,-0.67595,0.00729,0.00788,0.00032,-0.00168,0.00005,
1767767769631200512,0.00057,-0.00014,-0.00056,0.73687,-0.67595,0.00728,0.00788,0.00067,-0.00118,-0.00015,
1767767769697947136,0.00053,-0.00003,-0.00060,0.73689,-0.67593,0.00729,0.00789,-0.00069,0.00026,-0.00054,
1767767769764695296,0.00051,-0.00001,-0.00059,0.73688,-0.67594,0.00728,0.00788,0.00051,-0.00144,0.00034,
1767767769831444992,0.00052,-0.00000,-0.00060,0.73689,-0.67593,0.00728,0.00788,0.00002,-0.00093,0.00002,
1767767769898196480,0.00051,0.00000,-0.00061,0.73690,-0.67592,0.00728,0.00788,0.00033,-0.00084,-0.00039,
1767767769964949504,0.00051,-0.00009,-0.00056,0.73688,-0.67594,0.00728,0.00782,0.00062,-0.00173,0.00005,
1767767770031704576,0.00048,-0.00003,-0.00058,0.73688,-0.67594,0.00728,0.00781,-0.00035,0.00017,-0.00064,
1767767770098461184,0.00046,-0.00002,-0.00057,0.73688,-0.67594,0.00728,0.00780,-0.00019,-0.00133,0.00014,
1767767770165219584,0.00046,-0.00011,-0.00053,0.73685,-0.67597,0.00725,0.00776,0.00077,-0.00225,0.00024,
1767767770231979008,0.00047,-0.00005,-0.00055,0.73686,-0.67597,0.00727,0.00779,-0.00087,-0.00015,0.00014,
1767767770298740736,0.00052,-0.00009,-0.00058,0.73688,-0.67594,0.00729,0.00785,0.00069,-0.00167,-0.00016,
1767767770365531648,0.00053,-0.00013,-0.00056,0.73688,-0.67594,0.00729,0.00785,-0.00047,-0.00083,-0.00003,
1767767770432229632,0.00051,-0.00004,-0.00058,0.73688,-0.67594,0.00729,0.00786,-0.00040,-0.00021,-0.00003,
1767767770498927104,0.00053,-0.00010,-0.00057,0.73688,-0.67594,0.00730,0.00787,0.00018,-0.00195,0.00022,
1767767770565624576,0.00058,-0.00014,-0.00056,0.73687,-0.67595,0.00728,0.00789,0.00082,-0.00103,0.00016,
1767767770632322048,0.00054,-0.00003,-0.00059,0.73689,-0.67593,0.00729,0.00789,-0.00056,-0.00002,-0.00011,
1767767770699019264,0.00051,-0.00002,-0.00062,0.73691,-0.67591,0.00729,0.00788,0.00039,-0.00128,-0.00012,
1767767770765716736,0.00050,-0.00001,-0.00061,0.73690,-0.67592,0.00729,0.00786,-0.00021,-0.00094,-0.00006,
1767767770832414208,0.00050,-0.00002,-0.00060,0.73689,-0.67593,0.00729,0.00787,0.00034,-0.00122,0.00013,
1767767770899111168,0.00053,-0.00010,-0.00058,0.73688,-0.67594,0.00729,0.00786,0.00037,-0.00182,0.00005,
1767767770965808384,0.00047,-0.00007,-0.00056,0.73688,-0.67594,0.00728,0.00780,-0.00059,-0.00026,0.00006,
1767767771032505344,0.00045,-0.00004,-0.00060,0.73689,-0.67593,0.00727,0.00779,0.00021,-0.00092,-0.00025,
1767767771099202304,0.00049,0.00000,-0.00062,0.73690,-0.67592,0.00730,0.00786,-0.00027,-0.00053,-0.00000,
1767767771165899520,0.00049,0.00000,-0.00061,0.73689,-0.67592,0.00729,0.00787,-0.00007,-0.00078,-0.00034,
1767767771232596480,0.00055,-0.00009,-0.00058,0.73688,-0.67594,0.00727,0.00788,0.00071,-0.00190,0.00006,
1767767771299293184,0.00053,-0.00004,-0.00058,0.73688,-0.67594,0.00727,0.00787,0.00001,-0.00019,-0.00014,
1767767771365987840,0.00053,-0.00001,-0.00061,0.73689,-0.67593,0.00727,0.00789,0.00040,-0.00125,-0.00013,
1767767771432689920,0.00050,-0.00002,-0.00060,0.73689,-0.67593,0.00728,0.00786,0.00018,-0.00121,0.00002,
1767767771499392000,0.00053,-0.00009,-0.00059,0.73688,-0.67593,0.00729,0.00786,-0.00009,-0.00176,-0.00009,
1767767771566094080,0.00054,-0.00014,-0.00056,0.73687,-0.67595,0.00729,0.00786,-0.00012,-0.00110,0.00001,
1767767771632796160,0.00055,-0.00015,-0.00057,0.73688,-0.67594,0.00729,0.00787,-0.00013,-0.00092,-0.00011,
1767767771699498240,0.00053,-0.00004,-0.00060,0.73688,-0.67593,0.00728,0.00788,0.00002,-0.00026,-0.00014,
1767767771766200576,0.00049,0.00001,-0.00064,0.73691,-0.67590,0.00730,0.00787,-0.00036,-0.00072,-0.00088,
1767767771832902400,0.00049,-0.00002,-0.00061,0.73689,-0.67593,0.00730,0.00786,0.00021,-0.00102,-0.00011,
1767767771899604480,0.00048,-0.00004,-0.00057,0.73687,-0.67595,0.00727,0.00782,0.00017,-0.00142,0.00022,
1767767771966306560,0.00047,-0.00011,-0.00054,0.73685,-0.67597,0.00726,0.00777,0.00009,-0.00165,0.00028,
1767767772033008640,0.00048,-0.00004,-0.00058,0.73687,-0.67595,0.00728,0.00782,0.00019,-0.00012,-0.00043,
1767767772099710720,0.00050,-0.00002,-0.00061,0.73689,-0.67593,0.00729,0.00786,0.00004,-0.00099,-0.00010,
1767767772166412544,0.00053,-0.00011,-0.00057,0.73687,-0.67595,0.00729,0.00786,0.00060,-0.00196,0.00055,
1767767772233114624,0.00051,-0.00005,-0.00060,0.73688,-0.67594,0.00729,0.00786,-0.00054,-0.00014,-0.00053,
1767767772299816704,0.00052,-0.00011,-0.00057,0.73687,-0.67595,0.00729,0.00785,-0.00000,-0.00178,0.00019,
1767767772366517248,0.00051,-0.00006,-0.00057,0.73687,-0.67595,0.00730,0.00787,-0.00025,-0.00042,0.00041,
1767767772433222400,0.00052,-0.00010,-0.00059,0.73689,-0.67593,0.00730,0.00786,0.00016,-0.00171,-0.00044,
1767767772499927296,0.00050,-0.00004,-0.00061,0.73689,-0.67593,0.00730,0.00785,-0.00061,0.00022,-0.00031,
1767767772566632192,0.00050,-0.00001,-0.00061,0.73688,-0.67593,0.00729,0.00787,-0.00023,-0.00116,-0.00017,
1767767772633337600,0.00054,-0.00012,-0.00056,0.73686,-0.67596,0.00728,0.00787,0.00076,-0.00218,0.00079,
1767767772700042496,0.00047,-0.00005,-0.00056,0.73686,-0.67596,0.00728,0.00780,-0.00110,-0.00041,0.00014,
1767767772766747648,0.00046,-0.00002,-0.00059,0.73687,-0.67595,0.00728,0.00782,-0.00006,-0.00093,-0.00025,
1767767772833453056,0.00049,-0.00001,-0.00061,0.73688,-0.67594,0.00730,0.00786,-0.00017,-0.00084,-0.00021,
1767767772900157952,0.00054,-0.00009,-0.00060,0.73689,-0.67593,0.00729,0.00787,0.00038,-0.00174,-0.00049,
1767767772966863360,0.00054,-0.00016,-0.00054,0.73686,-0.67597,0.00726,0.00783,0.00022,-0.00146,0.00014,
1767767773033568512,0.00048,-0.00005,-0.00057,0.73686,-0.67596,0.00729,0.00782,-0.00061,0.00007,-0.00016,
1767767773100273664,0.00051,-0.00001,-0.00060,0.73688,-0.67594,0.00729,0.00788,-0.00022,-0.00121,0.00020,
1767767773166979072,0.00054,-0.00010,-0.00059,0.73688,-0.67594,0.00728,0.00787,0.00047,-0.00158,-0.00006,
1767767773233684480,0.00055,-0.00014,-0.00056,0.73686,-0.67596,0.00729,0.00788,-0.00004,-0.00109,0.00009,
1767767773300389888,0.00052,-0.00004,-0.00059,0.73687,-0.67594,0.00730,0.00788,-0.00033,-0.00017,-0.00029,
1767767773367097088,0.00051,-0.00011,-0.00055,0.73686,-0.67596,0.00728,0.00783,0.00048,-0.00196,0.00052,
1767767773433798400,0.00049,-0.00006,-0.00057,0.73686,-0.67597,0.00727,0.00782,-0.00069,-0.00032,-0.00020,
1767767773500499200,0.00053,-0.00010,-0.00058,0.73687,-0.67595,0.00730,0.00787,0.00049,-0.00163,0.00034,
1767767773567200512,0.00049,-0.00006,-0.00057,0.73687,-0.67595,0.00728,0.00782,-0.00048,-0.00037,-0.00005,
1767767773633901312,0.00045,-0.00002,-0.00058,0.73687,-0.67595,0.00725,0.00778,0.00015,-0.00099,-0.00017,
1767767773700602624,0.00049,-0.00013,-0.00056,0.73686,-0.67596,0.00728,0.00781,0.00001,-0.00225,0.00029,
1767767773767303424,0.00057,-0.00016,-0.00055,0.73686,-0.67597,0.00729,0.00789,0.00038,-0.00116,0.00052,
1767767773834004480,0.00058,-0.00015,-0.00057,0.73687,-0.67595,0.00728,0.00790,0.00015,-0.00074,-0.00022,
1767767773900705280,0.00054,-0.00005,-0.00059,0.73687,-0.67595,0.00729,0.00790,-0.00009,-0.00004,0.00025,
1767767773967406080,0.00051,-0.00002,-0.00062,0.73689,-0.67593,0.00730,0.00789,-0.00042,-0.00100,-0.00001,
1767767774034106880,0.00054,-0.00008,-0.00060,0.73688,-0.67594,0.00729,0.00788,0.00055,-0.00150,-0.00029,
1767767774100807680,0.00053,-0.00003,-0.00061,0.73688,-0.67594,0.00728,0.00789,-0.00029,0.00020,-0.00027,
1767767774167508480,0.00052,-0.00001,-0.00061,0.73688,-0.67594,0.00729,0.00790,0.00002,-0.00141,0.00030,
1767767774234209280,0.00054,0.00000,-0.00062,0.73689,-0.67593,0.00727,0.00791,0.00052,-0.00102,-0.00025,
1767767774300910080,0.00056,-0.00010,-0.00058,0.73686,-0.67596,0.00727,0.00790,0.00054,-0.00216,0.00051,
1767767774367608320,0.00058,-0.00014,-0.00056,0.73685,-0.67597,0.00729,0.00790,0.00014,-0.00132,0.00049,
1767767774434313472,0.00055,-0.00004,-0.00059,0.73687,-0.67595,0.00729,0.00791,-0.00042,-0.00003,0.00002,
1767767774501018880,0.00052,-0.00001,-0.00062,0.73688,-0.67594,0.00730,0.00790,0.00008,-0.00100,-0.00004,
1767767774567724288,0.00055,-0.00009,-0.00060,0.73687,-0.67594,0.00729,0.00789,0.00012,-0.00176,-0.00021,
1767767774634429184,0.00051,-0.00005,-0.00060,0.73687,-0.67595,0.00730,0.00787,-0.00055,-0.00038,-0.00048,
1767767774701134336,0.00055,-0.00012,-0.00058,0.73687,-0.67595,0.00728,0.00788,0.00013,-0.00210,0.00042,
1767767774767840000,0.00058,-0.00014,-0.00057,0.73686,-0.67596,0.00728,0.00789,0.00025,-0.00050,-0.00036,
1767767774834545152,0.00059,-0.00014,-0.00057,0.73686,-0.67596,0.00729,0.00791,0.00031,-0.00101,-0.00018,
1767767774901250560,0.00054,-0.00005,-0.00058,0.73686,-0.67596,0.00728,0.00789,-0.00022,-0.00039,0.00037,
1767767774967955712,0.00056,-0.00011,-0.00056,0.73685,-0.67597,0.00728,0.00790,0.00075,-0.00231,0.00097,
1767767775034661120,0.00053,-0.00004,-0.00061,0.73688,-0.67594,0.00728,0.00788,-0.00039,-0.00000,-0.00056,
1767767775101366528,0.00051,0.00000,-0.00063,0.73689,-0.67593,0.00729,0.00788,-0.00040,-0.00085,-0.00040,
1767767775168071680,0.00054,-0.00011,-0.00057,0.73685,-0.67597,0.00729,0.00787,0.00045,-0.00228,0.00102,
1767767775234777344,0.00053,-0.00003,-0.00060,0.73687,-0.67595,0.00728,0.00788,0.00008,-0.00030,0.00001,
1767767775301482752,0.00052,0.00001,-0.00063,0.73689,-0.67593,0.00728,0.00789,0.00031,-0.00071,-0.00049,
1767767775368187648,0.00054,-0.00009,-0.00059,0.73687,-0.67595,0.00730,0.00788,0.00030,-0.00153,-0.00003,
1767767775434894080,0.00052,-0.00005,-0.00059,0.73686,-0.67596,0.00730,0.00788,-0.00008,-0.00008,0.00002,
1767767775501600512,0.00052,-0.00012,-0.00058,0.73686,-0.67596,0.00731,0.00786,-0.00007,-0.00218,0.00028,
1767767775568306944,0.00053,-0.00016,-0.00054,0.73684,-0.67598,0.00728,0.00783,0.00005,-0.00115,0.00026,
1767767775635013376,0.00046,-0.00006,-0.00055,0.73684,-0.67598,0.00727,0.00777,-0.00034,-0.00044,0.00001,
1767767775701720064,0.00048,-0.00001,-0.00060,0.73686,-0.67596,0.00728,0.00784,0.00005,-0.00057,-0.00062,
1767767775768426752,0.00050,0.00000,-0.00062,0.73688,-0.67594,0.00730,0.00788,0.00000,-0.00086,-0.00051,
1767767775835133440,0.00051,-0.00011,-0.00056,0.73685,-0.67597,0.00728,0.00782,0.00049,-0.00218,0.00039,
1767767775901840384,0.00048,-0.00003,-0.00059,0.73686,-0.67596,0.00728,0.00781,-0.00087,-0.00003,-0.00063,
1767767775968547072,0.00053,-0.00010,-0.00059,0.73686,-0.67596,0.00728,0.00786,0.00045,-0.00206,0.00001,
1767767776035254016,0.00058,-0.00013,-0.00058,0.73686,-0.67596,0.00729,0.00790,0.00015,-0.00102,-0.00039,
1767767776101960960,0.00052,-0.00006,-0.00058,0.73685,-0.67597,0.00729,0.00788,-0.00039,-0.00054,0.00041,
1767767776168667904,0.00050,-0.00000,-0.00062,0.73688,-0.67594,0.00729,0.00787,-0.00048,-0.00093,-0.00008,
1767767776235374848,0.00050,-0.00011,-0.00056,0.73685,-0.67597,0.00728,0.00782,0.00089,-0.00204,0.00019,
1767767776302082304,0.00044,-0.00004,-0.00057,0.73685,-0.67597,0.00728,0.00775,-0.00156,-0.00020,-0.00034,
1767767776368789248,0.00044,-0.00002,-0.00058,0.73685,-0.67598,0.00729,0.00780,-0.00009,-0.00140,0.00003,
1767767776435494400,0.00053,-0.00011,-0.00057,0.73685,-0.67597,0.00730,0.00786,0.00063,-0.00205,0.00035,
1767767776502199296,0.00055,-0.00014,-0.00057,0.73685,-0.67597,0.00731,0.00788,-0.00006,-0.00094,-0.00017,
1767767776568904704,0.00052,-0.00017,-0.00053,0.73683,-0.67599,0.00729,0.00782,-0.00017,-0.00146,0.00069,
1767767776635609600,0.00047,-0.00006,-0.00056,0.73683,-0.67599,0.00729,0.00781,-0.00054,-0.00033,-0.00003,
1767767776702314752,0.00049,-0.00002,-0.00060,0.73686,-0.67596,0.00730,0.00787,0.00028,-0.00120,-0.00008,
1767767776769020416,0.00049,-0.00001,-0.00060,0.73686,-0.67596,0.00730,0.00787,0.00010,-0.00104,-0.00011,
1767767776835725568,0.00051,-0.00009,-0.00059,0.73686,-0.67596,0.00731,0.00785,-0.00003,-0.00178,-0.00008,
1767767776902430976,0.00050,-0.00006,-0.00061,0.73687,-0.67595,0.00731,0.00786,-0.00015,-0.00042,-0.00046,
1767767776969136384,0.00049,-0.00010,-0.00059,0.73686,-0.67596,0.00731,0.00783,-0.00006,-0.00155,0.00002,
1767767777035841792,0.00046,-0.00007,-0.00054,0.73683,-0.67600,0.00729,0.00779,-0.00045,-0.00058,0.00052,
1767767777102547456,0.00048,-0.00009,-0.00057,0.73684,-0.67598,0.00730,0.00781,0.00051,-0.00135,-0.00033,
1767767777169253120,0.00054,-0.00014,-0.00057,0.73684,-0.67598,0.00731,0.00786,-0.00012,-0.00102,-0.00023,
1767767777235958784,0.00052,-0.00016,-0.00053,0.73683,-0.67600,0.00728,0.00782,-0.00014,-0.00161,0.00024,
1767767777302664192,0.00053,-0.00013,-0.00054,0.73682,-0.67600,0.00728,0.00784,0.00035,-0.00082,-0.00015,
1767767777369370112,0.00057,-0.00015,-0.00055,0.73684,-0.67599,0.00730,0.00789,0.00064,-0.00143,0.00022,
1767767777436068608,0.00052,-0.00016,-0.00053,0.73683,-0.67600,0.00729,0.00782,-0.00043,-0.00151,0.00048,
1767767777502767360,0.00047,-0.00003,-0.00059,0.73685,-0.67598,0.00730,0.00782,-0.00035,0.00017,-0.00087,
1767767777569465600,0.00045,-0.00003,-0.00058,0.73685,-0.67597,0.00728,0.00780,-0.00028,-0.00132,-0.00014,
1767767777636163840,0.00043,0.00000,-0.00059,0.73685,-0.67597,0.00727,0.00777,-0.00012,-0.00041,-0.00068,
1767767777702862336,0.00048,-0.00011,-0.00056,0.73684,-0.67599,0.00729,0.00780,0.00038,-0.00218,-0.00041,
1767767777769560320,0.00054,-0.00016,-0.00054,0.73682,-0.67600,0.00730,0.00786,-0.00015,-0.00120,0.00084,
1767767777836258560,0.00048,-0.00002,-0.00061,0.73686,-0.67596,0.00732,0.00785,-0.00035,0.00042,-0.00068,
1767767777902956544,0.00047,-0.00002,-0.00060,0.73685,-0.67597,0.00733,0.00786,-0.00033,-0.00148,-0.00015,
1767767777969654272,0.00049,-0.00001,-0.00061,0.73686,-0.67596,0.00731,0.00787,0.00020,-0.00101,-0.00030,
1767767778036352256,0.00046,-0.00002,-0.00058,0.73685,-0.67597,0.00729,0.00781,0.00043,-0.00120,0.00008,
1767767778103049728,0.00045,-0.00011,-0.00054,0.73683,-0.67600,0.00728,0.00775,0.00044,-0.00211,0.00019,
1767767778169747712,0.00047,-0.00015,-0.00053,0.73682,-0.67601,0.00728,0.00776,0.00019,-0.00106,0.00010,
1767767778236444928,0.00048,-0.00013,-0.00054,0.73683,-0.67599,0.00728,0.00776,-0.00022,-0.00095,-0.00034,
1767767778303142656,0.00049,-0.00014,-0.00054,0.73683,-0.67599,0.00728,0.00777,0.00052,-0.00104,-0.00022,
1767767778369840128,0.00046,-0.00003,-0.00059,0.73685,-0.67597,0.00730,0.00781,-0.00046,0.00014,-0.00094,
1767767778436542976,0.00049,-0.00011,-0.00054,0.73683,-0.67600,0.00729,0.00781,0.00081,-0.00219,0.00064,
1767767778503245824,0.00047,-0.00012,-0.00056,0.73684,-0.67598,0.00728,0.00776,-0.00017,-0.00057,-0.00092,
1767767778569948672,0.00046,-0.00002,-0.00058,0.73683,-0.67599,0.00729,0.00781,0.00019,0.00007,-0.00044,
1767767778636651264,0.00048,-0.00011,-0.00055,0.73683,-0.67600,0.00730,0.00780,0.00008,-0.00251,0.00047,
1767767778703354368,0.00046,-0.00004,-0.00057,0.73683,-0.67600,0.00731,0.00781,-0.00052,-0.00018,0.00016,
1767767778770056960,0.00051,-0.00011,-0.00060,0.73686,-0.67596,0.00732,0.00785,0.00055,-0.00271,0.00004,
1767767778836759808,0.00050,-0.00004,-0.00060,0.73685,-0.67597,0.00731,0.00786,-0.00014,0.00015,-0.00040,
1767767778903462400,0.00051,-0.00012,-0.00057,0.73683,-0.67599,0.00731,0.00786,0.00052,-0.00208,0.00038,
1767767778970165248,0.00050,-0.00016,-0.00053,0.73682,-0.67601,0.00730,0.00780,0.00006,-0.00131,0.00032,
1767767779036867840,0.00051,-0.00013,-0.00056,0.73683,-0.67599,0.00730,0.00782,0.00021,-0.00067,-0.00054,
1767767779103570432,0.00044,-0.00006,-0.00055,0.73682,-0.67600,0.00731,0.00778,-0.00064,-0.00040,0.00025,
1767767779170273280,0.00047,-0.00000,-0.00060,0.73684,-0.67598,0.00729,0.00783,0.00053,-0.00059,-0.00045,
1767767779236975872,0.00051,-0.00012,-0.00056,0.73682,-0.67600,0.00732,0.00785,0.00034,-0.00260,0.00091,
1767767779303678464,0.00048,-0.00004,-0.00060,0.73685,-0.67597,0.00731,0.00783,-0.00049,-0.00012,-0.00031,
1767767779370381056,0.00046,-0.00001,-0.00064,0.73688,-0.67594,0.00731,0.00783,-0.00012,-0.00112,-0.00060,
1767767779437085696,0.00047,-0.00010,-0.00057,0.73684,-0.67598,0.00730,0.00778,0.00023,-0.00165,-0.00027,
1767767779503792384,0.00047,-0.00014,-0.00053,0.73682,-0.67601,0.00728,0.00776,-0.00003,-0.00098,0.00028,
1767767779570498816,0.00044,-0.00003,-0.00057,0.73683,-0.67599,0.00727,0.00775,-0.00017,0.00001,-0.00029,
1767767779637205504,0.00046,-0.00010,-0.00054,0.73682,-0.67601,0.00728,0.00776,0.00029,-0.00219,0.00054,
1767767779703912192,0.00048,-0.00015,-0.00053,0.73681,-0.67601,0.00728,0.00777,0.00043,-0.00118,0.00015,
1767767779770619136,0.00043,-0.00004,-0.00058,0.73684,-0.67599,0.00728,0.00776,-0.00048,0.00008,-0.00065,
1767767779837325824,0.00041,-0.00001,-0.00055,0.73681,-0.67601,0.00728,0.00775,0.00005,-0.00120,0.00074,
1767767779904033024,0.00042,0.00001,-0.00057,0.73683,-0.67600,0.00728,0.00775,0.00010,-0.00089,-0.00001,
1767767779970739968,0.00044,-0.00008,-0.00055,0.73682,-0.67601,0.00728,0.00775,0.00052,-0.00187,-0.00020,
1767767780037446912,0.00048,-0.00012,-0.00054,0.73682,-0.67601,0.00728,0.00778,0.00010,-0.00126,-0.00025,
1767767780104154112,0.00043,-0.00004,-0.00055,0.73682,-0.67601,0.00728,0.00774,-0.00073,-0.00035,0.00006,
1767767780170861056,0.00044,0.00000,-0.00058,0.73682,-0.67600,0.00731,0.00781,-0.00012,-0.00103,-0.00009,
1767767780237568256,0.00047,-0.00011,-0.00054,0.73681,-0.67602,0.00729,0.00779,0.00062,-0.00242,0.00087,
1767767780304275712,0.00045,-0.00004,-0.00056,0.73681,-0.67601,0.00729,0.00780,0.00043,0.00010,-0.00018,
1767767780370982912,0.00043,0.00000,-0.00058,0.73682,-0.67600,0.00729,0.00779,-0.00008,-0.00072,0.00011,
1767767780437689344,0.00043,-0.00008,-0.00055,0.73682,-0.67601,0.00727,0.00773,0.00053,-0.00188,-0.00039,
1767767780504394496,0.00040,-0.00005,-0.00055,0.73681,-0.67602,0.00730,0.00773,-0.00100,-0.00037,-0.00028,
1767767780571099904,0.00042,-0.00010,-0.00054,0.73680,-0.67602,0.00729,0.00773,0.00028,-0.00197,0.00031,
1767767780637805824,0.00042,-0.00002,-0.00057,0.73682,-0.67601,0.00728,0.00775,0.00007,0.00036,-0.00098,
1767767780704511232,0.00041,0.00002,-0.00058,0.73682,-0.67600,0.00727,0.00774,0.00018,-0.00086,-0.00048,
1767767780771216896,0.00043,-0.00010,-0.00055,0.73680,-0.67602,0.00731,0.00775,-0.00023,-0.00205,-0.00012,
1767767780837922560,0.00047,-0.00014,-0.00053,0.73680,-0.67603,0.00730,0.00778,-0.00010,-0.00133,0.00037,
1767767780904628480,0.00044,-0.00002,-0.00058,0.73681,-0.67601,0.00730,0.00778,-0.00053,0.00003,-0.00064,
1767767780971334144,0.00047,-0.00011,-0.00054,0.73680,-0.67603,0.00729,0.00779,0.00099,-0.00235,0.00038,
1767767781038040320,0.00045,-0.00012,-0.00054,0.73680,-0.67603,0.00729,0.00775,-0.00057,-0.00085,-0.00028,
1767767781104746240,0.00048,-0.00013,-0.00055,0.73680,-0.67603,0.00729,0.00778,0.00014,-0.00107,-0.00037,
1767767781171452160,0.00048,-0.00014,-0.00053,0.73680,-0.67603,0.00729,0.00778,-0.00046,-0.00118,0.00024,
1767767781238158592,0.00042,-0.00003,-0.00055,0.73680,-0.67603,0.00727,0.00774,-0.00042,-0.00007,-0.00011,
1767767781304864768,0.00045,-0.00009,-0.00055,0.73681,-0.67602,0.00726,0.00774,0.00104,-0.00184,-0.00045,
1767767781371570944,0.00041,-0.00003,-0.00055,0.73680,-0.67603,0.00727,0.00773,-0.00035,-0.00029,-0.00010,
1767767781438275584,0.00042,-0.00008,-0.00055,0.73680,-0.67602,0.00728,0.00773,0.00052,-0.00156,-0.00063,
1767767781504978432,0.00044,-0.00013,-0.00052,0.73679,-0.67604,0.00727,0.00773,-0.00053,-0.00100,0.00015,
1767767781571681536,0.00045,-0.00014,-0.00053,0.73679,-0.67604,0.00727,0.00773,-0.00035,-0.00129,-0.00018,
1767767781638384128,0.00049,-0.00015,-0.00053,0.73678,-0.67605,0.00728,0.00779,0.00007,-0.00157,0.00004,
1767767781705086976,0.00049,-0.00015,-0.00054,0.73680,-0.67603,0.00727,0.00778,-0.00019,-0.00090,0.00014,
1767767781771789568,0.00048,-0.00015,-0.00052,0.73679,-0.67604,0.00725,0.00775,0.00052,-0.00113,0.00003,
1767767781838492160,0.00046,-0.00014,-0.00054,0.73680,-0.67603,0.00726,0.00774,-0.00069,-0.00072,-0.00026,
1767767781905195008,0.00046,-0.00014,-0.00052,0.73678,-0.67604,0.00726,0.00774,0.00014,-0.00126,0.00017,
1767767781971897600,0.00048,-0.00015,-0.00052,0.73679,-0.67604,0.00725,0.00775,-0.00038,-0.00127,0.00029,
1767767782038600448,0.00046,-0.00004,-0.00055,0.73679,-0.67604,0.00728,0.00780,0.00032,-0.00028,0.00017,
1767767782105303040,0.00046,-0.00010,-0.00056,0.73681,-0.67602,0.00728,0.00777,0.00033,-0.00200,0.00000,
1767767782172005376,0.00043,-0.00003,-0.00056,0.73680,-0.67603,0.00725,0.00774,0.00011,-0.00006,-0.00005,
1767767782238707968,0.00043,-0.00009,-0.00055,0.73680,-0.67603,0.00726,0.00772,0.00011,-0.00224,0.00011,
1767767782305410560,0.00048,-0.00013,-0.00055,0.73680,-0.67603,0.00729,0.00778,-0.00012,-0.00084,-0.00055,
1767767782372112896,0.00048,-0.00014,-0.00054,0.73679,-0.67603,0.00728,0.00777,-0.00010,-0.00092,-0.00024,
1767767782438816512,0.00050,-0.00014,-0.00054,0.73679,-0.67604,0.00728,0.00780,0.00055,-0.00118,-0.00039,
1767767782505521664,0.00045,-0.00004,-0.00057,0.73680,-0.67602,0.00727,0.00778,-0.00009,0.00019,-0.00081,
1767767782572226816,0.00041,-0.00011,-0.00053,0.73678,-0.67605,0.00728,0.00771,-0.00055,-0.00217,0.00030,
1767767782638931712,0.00044,-0.00014,-0.00053,0.73678,-0.67604,0.00727,0.00772,-0.00008,-0.00134,-0.00029,
1767767782705636864,0.00043,-0.00004,-0.00054,0.73678,-0.67605,0.00726,0.00774,-0.00007,-0.00020,-0.00002,
1767767782772342016,0.00045,-0.00010,-0.00055,0.73679,-0.67604,0.00728,0.00777,0.00060,-0.00206,0.00020,
1767767782839047168,0.00050,-0.00014,-0.00054,0.73678,-0.67604,0.00730,0.00782,-0.00044,-0.00137,0.00030,
1767767782905752320,0.00051,-0.00013,-0.00055,0.73680,-0.67603,0.00729,0.00783,0.00012,-0.00083,-0.00018,
1767767782972457728,0.00051,-0.00014,-0.00056,0.73680,-0.67603,0.00729,0.00782,-0.00004,-0.00136,-0.00013,
1767767783039163136,0.00043,-0.00004,-0.00056,0.73680,-0.67603,0.00728,0.00776,-0.00049,-0.00036,0.00000,
1767767783105868288,0.00044,-0.00010,-0.00055,0.73679,-0.67604,0.00726,0.00774,0.00025,-0.00189,0.00002,
1767767783172573952,0.00049,-0.00012,-0.00055,0.73678,-0.67604,0.00726,0.00779,0.00047,-0.00082,-0.00027,
1767767783239279616,0.00043,-0.00004,-0.00056,0.73680,-0.67603,0.00728,0.00776,-0.00067,-0.00041,-0.00019,
1767767783305985280,0.00045,-0.00012,-0.00054,0.73678,-0.67605,0.00728,0.00777,-0.00028,-0.00236,0.00025,
1767767783372690688,0.00049,-0.00015,-0.00052,0.73678,-0.67605,0.00727,0.00778,0.00019,-0.00130,0.00054,
1767767783439395584,0.00046,-0.00015,-0.00053,0.73679,-0.67604,0.00725,0.00774,-0.00012,-0.00121,0.00012,
1767767783506100736,0.00047,-0.00015,-0.00053,0.73678,-0.67605,0.00729,0.00777,0.00000,-0.00131,-0.00005,
1767767783572805632,0.00048,-0.00014,-0.00053,0.73678,-0.67604,0.00728,0.00777,-0.00041,-0.00110,0.00050,
1767767783639510272,0.00043,-0.00003,-0.00057,0.73680,-0.67602,0.00724,0.00774,-0.00001,-0.00029,-0.00055,
1767767783706215424,0.00044,-0.00010,-0.00055,0.73679,-0.67603,0.00725,0.00773,0.00046,-0.00189,-0.00005,
1767767783772920320,0.00046,-0.00014,-0.00054,0.73678,-0.67605,0.00730,0.00777,0.00011,-0.00088,-0.00026,
1767767783839625472,0.00049,-0.00015,-0.00055,0.73679,-0.67604,0.00732,0.00783,-0.00017,-0.00154,0.00019,
1767767783906330368,0.00047,-0.00015,-0.00055,0.73680,-0.67603,0.00728,0.00777,-0.00041,-0.00072,-0.00022,
1767767783973035008,0.00046,-0.00013,-0.00055,0.73680,-0.67603,0.00726,0.00774,0.00008,-0.00078,-0.00048,
1767767784039740416,0.00047,-0.00015,-0.00054,0.73678,-0.67604,0.00728,0.00777,-0.00038,-0.00130,-0.00021,
1767767784106445056,0.00050,-0.00013,-0.00057,0.73680,-0.67603,0.00730,0.00783,0.00019,-0.00088,-0.00028,
1767767784173149952,0.00044,-0.00005,-0.00056,0.73680,-0.67603,0.00727,0.00777,-0.00019,-0.00013,-0.00028,
1767767784239855104,0.00045,-0.00011,-0.00055,0.73679,-0.67604,0.00728,0.00776,0.00047,-0.00214,0.00021,
1767767784306560000,0.00046,-0.00016,-0.00053,0.73678,-0.67605,0.00728,0.00775,0.00007,-0.00115,0.00037,
1767767784373265152,0.00045,-0.00004,-0.00057,0.73679,-0.67604,0.00726,0.00778,0.00027,0.00016,-0.00030,
1767767784439964672,0.00045,-0.00011,-0.00055,0.73679,-0.67604,0.00728,0.00776,-0.00014,-0.00213,0.00012,
1767767784506659584,0.00044,-0.00015,-0.00052,0.73677,-0.67606,0.00726,0.00772,0.00028,-0.00123,0.00050,
1767767784573353984,0.00045,-0.00013,-0.00054,0.73679,-0.67604,0.00725,0.00773,0.00006,-0.00082,-0.00031,
1767767784640048384,0.00046,-0.00013,-0.00055,0.73679,-0.67603,0.00725,0.00773,0.00024,-0.00119,-0.00048,
1767767784706743040,0.00040,-0.00003,-0.00058,0.73681,-0.67602,0.00726,0.00772,-0.00048,0.00012,-0.00056,
1767767784773437184,0.00045,-0.00011,-0.00057,0.73680,-0.67603,0.00728,0.00776,-0.00005,-0.00196,-0.00039,
1767767784840131584,0.00047,-0.00013,-0.00056,0.73680,-0.67603,0.00728,0.00777,-0.00004,-0.00073,-0.00001,
1767767784906825984,0.00045,-0.00016,-0.00052,0.73677,-0.67605,0.00727,0.00773,-0.00013,-0.00180,0.00050,
1767767784973520128,0.00042,-0.00004,-0.00058,0.73680,-0.67603,0.00728,0.00776,-0.00048,0.00033,-0.00066,
1767767785040214016,0.00043,-0.00003,-0.00056,0.73679,-0.67604,0.00727,0.00778,0.00020,-0.00138,0.00047,
1767767785106908416,0.00041,-0.00002,-0.00058,0.73680,-0.67603,0.00728,0.00777,0.00019,-0.00123,-0.00011,
1767767785173602304,0.00046,-0.00013,-0.00056,0.73678,-0.67604,0.00732,0.00780,-0.00022,-0.00233,0.00052,
1767767785240296448,0.00047,-0.00018,-0.00052,0.73677,-0.67606,0.00728,0.00776,0.00012,-0.00195,0.00030,
1767767785306990080,0.00040,-0.00007,-0.00057,0.73680,-0.67603,0.00727,0.00773,-0.00070,-0.00021,-0.00057,
1767767785373684224,0.00042,-0.00011,-0.00056,0.73680,-0.67603,0.00726,0.00772,0.00053,-0.00168,-0.00002,
1767767785440382208,0.00040,-0.00005,-0.00056,0.73679,-0.67603,0.00726,0.00772,-0.00054,0.00006,-0.00012,
1767767785507084800,0.00043,-0.00011,-0.00056,0.73680,-0.67603,0.00725,0.00773,0.00045,-0.00215,-0.00006,
1767767785573787392,0.00045,-0.00014,-0.00054,0.73678,-0.67605,0.00727,0.00774,0.00017,-0.00084,-0.00004,
1767767785640489728,0.00047,-0.00015,-0.00053,0.73678,-0.67605,0.00726,0.00777,0.00005,-0.00119,0.00032,
1767767785707192064,0.00049,-0.00015,-0.00055,0.73678,-0.67605,0.00728,0.00780,0.00012,-0.00121,-0.00025,
1767767785773894656,0.00050,-0.00016,-0.00054,0.73678,-0.67605,0.00728,0.00781,0.00035,-0.00124,0.00020,
1767767785840596992,0.00047,-0.00013,-0.00056,0.73679,-0.67603,0.00726,0.00775,-0.00012,-0.00070,-0.00051,
1767767785907299328,0.00048,-0.00016,-0.00052,0.73677,-0.67606,0.00725,0.00776,0.00012,-0.00155,0.00039,
1767767785974001664,0.00047,-0.00016,-0.00054,0.73678,-0.67605,0.00726,0.00775,0.00006,-0.00148,0.00004,
1767767786040703744,0.00042,-0.00004,-0.00058,0.73680,-0.67603,0.00726,0.00774,-0.00031,0.00021,-0.00033,
1767767786107406080,0.00046,-0.00010,-0.00059,0.73680,-0.67603,0.00728,0.00778,0.00052,-0.00124,-0.00038,
1767767786174108416,0.00050,-0.00014,-0.00057,0.73679,-0.67603,0.00729,0.00782,-0.00002,-0.00085,-0.00053,
1767767786240810752,0.00045,-0.00006,-0.00056,0.73679,-0.67604,0.00726,0.00778,0.00004,-0.00024,0.00040,
1767767786307513088,0.00044,-0.00012,-0.00055,0.73679,-0.67604,0.00726,0.00775,0.00015,-0.00234,0.00011,
1767767786374215168,0.00045,-0.00015,-0.00053,0.73677,-0.67606,0.00726,0.00773,0.00009,-0.00101,0.00022,
1767767786440918016,0.00049,-0.00015,-0.00056,0.73678,-0.67605,0.00728,0.00779,-0.00011,-0.00104,-0.00030,
1767767786507621888,0.00048,-0.00015,-0.00055,0.73679,-0.67604,0.00729,0.00778,-0.00035,-0.00104,0.00012,
1767767786574326016,0.00050,-0.00016,-0.00054,0.73677,-0.67606,0.00728,0.00780,-0.00013,-0.00167,0.00034,
1767767786641030144,0.00050,-0.00016,-0.00055,0.73678,-0.67605,0.00727,0.00779,0.00047,-0.00133,0.00035,
1767767786707733760,0.00043,-0.00004,-0.00059,0.73679,-0.67603,0.00728,0.00778,-0.00045,0.00010,-0.00054,
1767767786774437632,0.00048,-0.00012,-0.00054,0.73677,-0.67606,0.00728,0.00779,0.00102,-0.00223,0.00065,
1767767786841142016,0.00048,-0.00015,-0.00057,0.73679,-0.67604,0.00730,0.00779,-0.00030,-0.00076,-0.00066,
1767767786907845632,0.00046,-0.00006,-0.00058,0.73678,-0.67605,0.00731,0.00783,-0.00036,-0.00032,0.00026,
1767767786974549504,0.00045,-0.00014,-0.00054,0.73677,-0.67606,0.00729,0.00777,-0.00022,-0.00262,0.00057,
1767767787041253376,0.00043,-0.00004,-0.00060,0.73680,-0.67603,0.00729,0.00777,-0.00031,0.00023,-0.00089,
1767767787107957248,0.00042,-0.00004,-0.00058,0.73679,-0.67604,0.00729,0.00776,-0.00047,-0.00147,0.00019,
1767767787174661120,0.00042,-0.00010,-0.00055,0.73678,-0.67605,0.00727,0.00772,-0.00006,-0.00201,-0.00002,
1767767787241364992,0.00046,-0.00013,-0.00057,0.73679,-0.67603,0.00726,0.00774,0.00018,-0.00071,-0.00042,
1767767787308068864,0.00048,-0.00013,-0.00056,0.73678,-0.67605,0.00724,0.00775,0.00005,-0.00102,-0.00019,
1767767787374772736,0.00047,-0.00014,-0.00054,0.73677,-0.67606,0.00724,0.00775,0.00036,-0.00106,-0.00016,
1767767787441476352,0.00042,-0.00005,-0.00055,0.73677,-0.67606,0.00724,0.00773,-0.00081,-0.00057,0.00015,
1767767787508179712,0.00045,-0.00010,-0.00055,0.73677,-0.67606,0.00722,0.00773,0.00088,-0.00217,0.00020,
1767767787574883072,0.00049,-0.00014,-0.00056,0.73677,-0.67605,0.00726,0.00778,-0.00037,-0.00102,-0.00061,
1767767787641586176,0.00052,-0.00014,-0.00057,0.73678,-0.67605,0.00729,0.00785,-0.00009,-0.00114,0.00015,
1767767787708289536,0.00052,-0.00017,-0.00058,0.73679,-0.67603,0.00729,0.00784,-0.00001,-0.00150,0.00001,
1767767787774992896,0.00052,-0.00013,-0.00060,0.73681,-0.67602,0.00728,0.00784,0.00002,-0.00007,-0.00069,
1767767787841696256,0.00046,-0.00006,-0.00057,0.73678,-0.67605,0.00726,0.00779,-0.00009,-0.00058,0.00026,
1767767787908399360,0.00042,-0.00001,-0.00059,0.73679,-0.67604,0.00725,0.00775,-0.00022,-0.00109,-0.00007,
1767767787975102976,0.00044,-0.00009,-0.00057,0.73679,-0.67604,0.00725,0.00773,-0.00010,-0.00148,-0.00022,
1767767788041806080,0.00042,-0.00005,-0.00058,0.73679,-0.67604,0.00726,0.00773,-0.00036,-0.00030,-0.00045,
1767767788108509184,0.00045,-0.00011,-0.00057,0.73678,-0.67605,0.00729,0.00777,-0.00018,-0.00190,0.00021,
1767767788175212544,0.00049,-0.00003,-0.00059,0.73678,-0.67605,0.00729,0.00785,0.00014,-0.00021,0.00003,
1767767788241915648,0.00046,-0.00011,-0.00057,0.73679,-0.67604,0.00730,0.00778,-0.00000,-0.00220,0.00014,
1767767788308618752,0.00043,-0.00004,-0.00058,0.73679,-0.67604,0.00725,0.00775,-0.00012,0.00010,-0.00049,
1767767788375322368,0.00044,-0.00009,-0.00057,0.73678,-0.67604,0.00728,0.00774,0.00009,-0.00163,-0.00055,
1767767788442026496,0.00042,-0.00004,-0.00058,0.73679,-0.67604,0.00727,0.00775,-0.00021,0.00021,-0.00043,
1767767788508731648,0.00045,-0.00011,-0.00054,0.73677,-0.67606,0.00727,0.00775,0.00008,-0.00224,0.00043,
1767767788575437056,0.00046,-0.00016,-0.00056,0.73677,-0.67606,0.00730,0.00777,-0.00027,-0.00154,-0.00022,
1767767788642142208,0.00045,-0.00005,-0.00059,0.73680,-0.67603,0.00729,0.00779,-0.00031,0.00002,-0.00050,
1767767788708847872,0.00041,-0.00002,-0.00059,0.73679,-0.67604,0.00726,0.00775,0.00006,-0.00105,-0.00005,
1767767788775553280,0.00044,-0.00012,-0.00055,0.73678,-0.67605,0.00727,0.00774,0.00019,-0.00217,0.00038,
1767767788842258688,0.00047,-0.00015,-0.00055,0.73677,-0.67605,0.00728,0.00776,0.00017,-0.00090,-0.00036,
1767767788908964096,0.00049,-0.00015,-0.00058,0.73679,-0.67604,0.00729,0.00779,-0.00032,-0.00113,-0.00034,
1767767788975669504,0.00053,-0.00014,-0.00059,0.73679,-0.67603,0.00730,0.00786,0.00014,-0.00095,-0.00025,
1767767789042375424,0.00051,-0.00013,-0.00059,0.73680,-0.67603,0.00731,0.00784,-0.00025,-0.00061,-0.00060,
1767767789109081088,0.00049,-0.00005,-0.00060,0.73679,-0.67603,0.00729,0.00784,-0.00044,-0.00031,-0.00000,
1767767789175786752,0.00047,-0.00013,-0.00057,0.73679,-0.67604,0.00728,0.00779,0.00039,-0.00247,0.00022,
1767767789242492160,0.00043,-0.00004,-0.00058,0.73679,-0.67604,0.00727,0.00776,-0.00092,-0.00003,-0.00036,
1767767789309197824,0.00045,0.00001,-0.00063,0.73681,-0.67602,0.00727,0.00780,0.00049,-0.00053,-0.00046,
1767767789375903744,0.00049,-0.00011,-0.00059,0.73679,-0.67604,0.00731,0.00783,-0.00014,-0.00252,0.00045,
1767767789442609664,0.00050,-0.00015,-0.00055,0.73678,-0.67605,0.00728,0.00779,0.00055,-0.00136,0.00027,
1767767789509315840,0.00045,-0.00004,-0.00058,0.73678,-0.67605,0.00729,0.00780,-0.00056,-0.00013,0.00009,
1767767789576022272,0.00047,0.00000,-0.00063,0.73680,-0.67602,0.00730,0.00785,0.00028,-0.00105,0.00002,
1767767789642728448,0.00047,-0.00012,-0.00056,0.73677,-0.67606,0.00729,0.00778,0.00052,-0.00246,0.00046,
1767767789709434624,0.00043,-0.00004,-0.00060,0.73678,-0.67604,0.00728,0.00778,-0.00084,0.00050,-0.00054,
1767767789776141056,0.00047,-0.00000,-0.00061,0.73679,-0.67604,0.00730,0.00785,0.00094,-0.00120,0.00021,
1767767789842847232,0.00048,-0.00012,-0.00058,0.73678,-0.67605,0.00732,0.00783,0.00006,-0.00283,0.00024,
1767767789909553408,0.00052,-0.00015,-0.00057,0.73677,-0.67606,0.00732,0.00786,0.00023,-0.00089,0.00001,
1767767789976259840,0.00049,-0.00016,-0.00055,0.73677,-0.67606,0.00729,0.00780,0.00032,-0.00114,0.00028,
1767767790042966272,0.00042,-0.00005,-0.00058,0.73678,-0.67605,0.00727,0.00775,-0.00043,0.00007,-0.00042,
1767767790109672704,0.00042,-0.00001,-0.00062,0.73679,-0.67604,0.00730,0.00779,-0.00006,-0.00088,-0.00046,
1767767790176379136,0.00045,-0.00015,-0.00057,0.73678,-0.67605,0.00730,0.00777,0.00025,-0.00306,0.00043,
1767767790243085568,0.00041,-0.00007,-0.00058,0.73678,-0.67605,0.00727,0.00772,-0.00053,-0.00012,-0.00008,
1767767790309792256,0.00044,-0.00012,-0.00056,0.73677,-0.67606,0.00727,0.00775,0.00049,-0.00192,-0.00009,
1767767790376498432,0.00045,-0.00004,-0.00060,0.73679,-0.67604,0.00729,0.00779,-0.00027,0.00027,-0.00049,
1767767790443199744,0.00048,-0.00002,-0.00060,0.73679,-0.67604,0.00727,0.00782,0.00103,-0.00127,0.00010,
1767767790509894656,0.00043,0.00001,-0.00062,0.73680,-0.67603,0.00729,0.00778,-0.00020,-0.00077,-0.00061,
1767767790576589312,0.00047,-0.00010,-0.00059,0.73678,-0.67605,0.00730,0.00780,0.00035,-0.00178,-0.00010,
1767767790643283968,0.00053,-0.00014,-0.00058,0.73678,-0.67605,0.00732,0.00786,0.00004,-0.00109,-0.00015,
1767767790709978880,0.00050,-0.00016,-0.00054,0.73676,-0.67607,0.00730,0.00781,0.00007,-0.00130,0.00046,
1767767790776673536,0.00044,-0.00003,-0.00059,0.73678,-0.67604,0.00728,0.00776,-0.00062,-0.00037,-0.00044,
1767767790843367936,0.00044,-0.00000,-0.00062,0.73679,-0.67603,0.00729,0.00780,-0.00009,-0.00060,-0.00054,
1767767790910063104,0.00050,-0.00011,-0.00060,0.73678,-0.67604,0.00730,0.00784,0.00031,-0.00214,0.00026,
1767767790976757504,0.00051,-0.00015,-0.00055,0.73676,-0.67607,0.00730,0.00781,0.00018,-0.00140,0.00064,
1767767791043452416,0.00051,-0.00014,-0.00057,0.73677,-0.67606,0.00730,0.00782,-0.00014,-0.00104,-0.00014,
1767767791110147072,0.00054,-0.00015,-0.00058,0.73678,-0.67605,0.00731,0.00787,0.00019,-0.00150,-0.00005,
1767767791176841728,0.00050,-0.00016,-0.00056,0.73677,-0.67606,0.00730,0.00780,0.00007,-0.00142,0.00026,
1767767791243536384,0.00042,-0.00004,-0.00058,0.73677,-0.67606,0.00728,0.00774,-0.00040,-0.00004,-0.00024,
1767767791310231040,0.00043,0.00000,-0.00060,0.73678,-0.67605,0.00728,0.00777,0.00040,-0.00120,-0.00005,
1767767791376925696,0.00042,-0.00002,-0.00059,0.73678,-0.67605,0.00729,0.00777,0.00002,-0.00148,-0.00001,
1767767791443627264,0.00043,-0.00001,-0.00060,0.73678,-0.67605,0.00731,0.00779,-0.00027,-0.00103,-0.00010,
1767767791510337280,0.00044,-0.00001,-0.00061,0.73679,-0.67604,0.00730,0.00780,0.00017,-0.00109,-0.00002,
1767767791577047296,0.00046,-0.00010,-0.00057,0.73677,-0.67606,0.00728,0.00776,0.00058,-0.00156,0.00011,
1767767791643757568,0.00043,-0.00005,-0.00057,0.73676,-0.67607,0.00730,0.00776,-0.00028,-0.00045,0.00039,
1767767791710467840,0.00046,-0.00011,-0.00056,0.73676,-0.67607,0.00727,0.00776,0.00042,-0.00208,0.00033,
1767767791777178368,0.00042,-0.00005,-0.00056,0.73675,-0.67608,0.00730,0.00775,-0.00043,-0.00041,0.00027,
1767767791843888640,0.00042,-0.00001,-0.00059,0.73678,-0.67605,0.00727,0.00776,0.00003,-0.00081,-0.00009,
1767767791910599168,0.00044,0.00001,-0.00062,0.73678,-0.67604,0.00730,0.00781,-0.00016,-0.00037,-0.00057,
1767767791977309696,0.00049,-0.00010,-0.00060,0.73678,-0.67604,0.00732,0.00784,0.00025,-0.00211,-0.00032,
1767767792044020480,0.00049,-0.00004,-0.00060,0.73678,-0.67605,0.00732,0.00785,-0.00003,0.00000,-0.00040,
1767767792110731264,0.00046,-0.00002,-0.00059,0.73677,-0.67605,0.00729,0.00781,0.00014,-0.00152,0.00034,
1767767792177442304,0.00045,-0.00002,-0.00060,0.73677,-0.67606,0.00730,0.00781,0.00012,-0.00111,0.00005,
1767767792244153344,0.00047,-0.00012,-0.00056,0.73676,-0.67607,0.00730,0.00779,0.00013,-0.00252,0.00055,
1767767792310864384,0.00045,-0.00004,-0.00061,0.73677,-0.67605,0.00730,0.00780,-0.00008,0.00020,-0.00073,
1767767792377575680,0.00049,-0.00011,-0.00059,0.73677,-0.67606,0.00732,0.00784,0.00036,-0.00216,0.00027,
1767767792444287232,0.00048,-0.00016,-0.00055,0.73675,-0.67608,0.00732,0.00779,-0.00027,-0.00115,0.00060,
1767767792510999808,0.00044,-0.00004,-0.00059,0.73676,-0.67607,0.00731,0.00779,-0.00032,0.00003,-0.00054,
1767767792577712640,0.00041,-0.00003,-0.00058,0.73676,-0.67607,0.00732,0.00778,-0.00047,-0.00155,0.00069,
1767767792644425472,0.00040,-0.00002,-0.00058,0.73676,-0.67607,0.00730,0.00775,0.00004,-0.00111,0.00009,
1767767792711138304,0.00043,-0.00002,-0.00061,0.73677,-0.67606,0.00730,0.00780,0.00017,-0.00088,-0.00049,
1767767792777851136,0.00045,-0.00002,-0.00063,0.73678,-0.67604,0.00732,0.00784,0.00014,-0.00100,-0.00025,
1767767792844564224,0.00046,-0.00003,-0.00061,0.73677,-0.67606,0.00732,0.00784,0.00041,-0.00094,0.00014,
1767767792911277312,0.00045,-0.00013,-0.00055,0.73675,-0.67608,0.00732,0.00778,0.00058,-0.00228,0.00036,
1767767792977990656,0.00042,-0.00004,-0.00060,0.73677,-0.67606,0.00733,0.00778,-0.00043,0.00039,-0.00068,
1767767793044704256,0.00044,-0.00013,-0.00056,0.73676,-0.67607,0.00733,0.00776,0.00018,-0.00228,0.00026,
1767767793111417600,0.00040,-0.00004,-0.00060,0.73677,-0.67605,0.00731,0.00773,-0.00072,0.00043,-0.00075,
1767767793178131200,0.00044,-0.00013,-0.00056,0.73674,-0.67609,0.00733,0.00777,0.00005,-0.00220,0.00042,
1767767793244844800,0.00051,-0.00016,-0.00058,0.73676,-0.67607,0.00733,0.00784,0.00001,-0.00130,-0.00016,
1767767793311558656,0.00047,-0.00006,-0.00061,0.73677,-0.67606,0.00733,0.00784,-0.00045,-0.00003,-0.00031,
1767767793378272768,0.00044,-0.00002,-0.00061,0.73677,-0.67605,0.00731,0.00780,-0.00000,-0.00091,-0.00003,
1767767793444981504,0.00045,-0.00011,-0.00057,0.73676,-0.67607,0.00728,0.00775,0.00036,-0.00193,0.00028,
1767767793511685120,0.00046,-0.00015,-0.00055,0.73675,-0.67609,0.00729,0.00775,0.00007,-0.00125,0.00022,
1767767793578388224,0.00044,-0.00004,-0.00058,0.73675,-0.67608,0.00729,0.00777,-0.00039,0.00019,-0.00010,
1767767793645091328,0.00044,-0.00000,-0.00061,0.73677,-0.67606,0.00731,0.00781,-0.00010,-0.00114,-0.00023,
1767767793711794176,0.00048,-0.00012,-0.00061,0.73678,-0.67605,0.00732,0.00783,0.00013,-0.00225,0.00013,
1767767793778497280,0.00052,-0.00014,-0.00060,0.73678,-0.67605,0.00732,0.00785,-0.00028,-0.00050,-0.00046,
1767767793845200384,0.00044,-0.00006,-0.00058,0.73675,-0.67608,0.00731,0.00780,-0.00060,-0.00039,0.00016,
1767767793911903488,0.00045,-0.00001,-0.00061,0.73676,-0.67607,0.00731,0.00782,0.00043,-0.00093,-0.00017,
1767767793978606336,0.00049,-0.00009,-0.00061,0.73677,-0.67605,0.00733,0.00785,-0.00003,-0.00177,-0.00037,
1767767794045309184,0.00046,-0.00006,-0.00060,0.73676,-0.67606,0.00733,0.00783,-0.00068,-0.00044,0.00005,
1767767794112012032,0.00045,-0.00005,-0.00060,0.73676,-0.67606,0.00733,0.00783,-0.00015,-0.00164,0.00062,
1767767794178714880,0.00046,-0.00004,-0.00061,0.73677,-0.67606,0.00733,0.00784,-0.00008,-0.00130,0.00013,
1767767794245417472,0.00047,-0.00004,-0.00060,0.73676,-0.67607,0.00733,0.00786,0.00019,-0.00161,0.00015,
1767767794312120320,0.00049,-0.00013,-0.00060,0.73677,-0.67606,0.00734,0.00784,0.00049,-0.00198,-0.00014,
1767767794378823168,0.00048,-0.00019,-0.00059,0.73677,-0.67606,0.00735,0.00783,-0.00009,-0.00121,-0.00018,
1767767794445528064,0.00045,-0.00007,-0.00060,0.73677,-0.67606,0.00731,0.00779,0.00003,0.00037,-0.00038,
1767767794512235776,0.00044,-0.00014,-0.00056,0.73675,-0.67608,0.00731,0.00776,0.00046,-0.00184,-0.00010,
1767767794578943488,0.00047,-0.00018,-0.00056,0.73674,-0.67609,0.00734,0.00780,0.00005,-0.00119,-0.00042,
1767767794645651456,0.00047,-0.00018,-0.00056,0.73675,-0.67608,0.00733,0.00779,-0.00009,-0.00110,-0.00041,
1767767794712359680,0.00047,-0.00017,-0.00056,0.73675,-0.67608,0.00730,0.00776,0.00026,-0.00094,-0.00024,
1767767794779067392,0.00042,-0.00008,-0.00057,0.73674,-0.67609,0.00731,0.00775,-0.00043,-0.00032,0.00007,
1767767794845775616,0.00039,-0.00003,-0.00059,0.73675,-0.67608,0.00732,0.00775,-0.00060,-0.00099,-0.00007,
1767767794912483584,0.00044,-0.00013,-0.00057,0.73674,-0.67609,0.00733,0.00778,0.00001,-0.00208,-0.00001,
1767767794979191808,0.00049,-0.00018,-0.00055,0.73674,-0.67609,0.00732,0.00780,0.00026,-0.00092,0.00025,
1767767795045900032,0.00045,-0.00007,-0.00059,0.73675,-0.67608,0.00732,0.00781,-0.00062,-0.00005,-0.00029,
1767767795112608512,0.00051,-0.00011,-0.00060,0.73676,-0.67607,0.00732,0.00786,0.00081,-0.00177,0.00030,
1767767795179316736,0.00051,-0.00016,-0.00057,0.73675,-0.67608,0.00731,0.00782,0.00051,-0.00087,-0.00028,
1767767795246024960,0.00044,-0.00006,-0.00060,0.73675,-0.67608,0.00733,0.00781,-0.00085,0.00004,-0.00067,
1767767795312733440,0.00050,-0.00012,-0.00058,0.73676,-0.67607,0.00730,0.00783,0.00077,-0.00202,0.00033,
1767767795379441920,0.00046,-0.00007,-0.00058,0.73675,-0.67608,0.00728,0.00779,0.00021,-0.00033,-0.00005,
1767767795446150656,0.00047,-0.00012,-0.00060,0.73676,-0.67607,0.00731,0.00781,0.00018,-0.00172,-0.00045,
1767767795512859648,0.00048,-0.00016,-0.00057,0.73675,-0.67608,0.00732,0.00780,-0.00043,-0.00084,-0.00011,
1767767795579568640,0.00044,-0.00006,-0.00060,0.73676,-0.67607,0.00730,0.00777,-0.00041,-0.00006,-0.00037,
1767767795646277888,0.00045,-0.00003,-0.00062,0.73676,-0.67607,0.00731,0.00782,0.00012,-0.00110,-0.00025,
1767767795712986880,0.00047,-0.00004,-0.00063,0.73677,-0.67606,0.00733,0.00787,0.00037,-0.00095,-0.00007,
1767767795779696128,0.00045,-0.00005,-0.00059,0.73675,-0.67608,0.00732,0.00782,0.00032,-0.00124,0.00052,
1767767795846405632,0.00045,-0.00013,-0.00056,0.73674,-0.67609,0.00730,0.00776,0.00062,-0.00198,0.00027,
1767767795913115136,0.00043,-0.00007,-0.00060,0.73675,-0.67608,0.00733,0.00779,-0.00066,-0.00002,-0.00075,
1767767795979824896,0.00051,-0.00013,-0.00059,0.73675,-0.67608,0.00734,0.00788,0.00119,-0.00194,0.00020,
1767767796046534144,0.00045,-0.00007,-0.00058,0.73674,-0.67609,0.00733,0.00781,0.00001,-0.00002,-0.00004,
1767767796113243904,0.00043,-0.00013,-0.00056,0.73674,-0.67609,0.00732,0.00776,-0.00016,-0.00209,0.00019,
1767767796179953664,0.00048,-0.00017,-0.00056,0.73673,-0.67610,0.00733,0.00780,-0.00009,-0.00121,0.00008,
1767767796246663680,0.00051,-0.00015,-0.00060,0.73676,-0.67607,0.00735,0.00786,-0.00028,-0.00060,-0.00063,
1767767796313373440,0.00054,-0.00016,-0.00058,0.73674,-0.67609,0.00733,0.00788,0.00062,-0.00105,-0.00041,
1767767796380083200,0.00052,-0.00017,-0.00058,0.73674,-0.67609,0.00734,0.00786,-0.00044,-0.00124,0.00000,
1767767796446792960,0.00048,-0.00005,-0.00059,0.73675,-0.67608,0.00731,0.00783,0.00041,0.00033,-0.00012,
1767767796513502464,0.00043,-0.00003,-0.00059,0.73675,-0.67608,0.00728,0.00778,0.00021,-0.00137,0.00013,
1767767796580211968,0.00044,-0.00002,-0.00063,0.73677,-0.67606,0.00732,0.00780,-0.00009,-0.00072,-0.00064,
1767767796646921472,0.00051,-0.00012,-0.00058,0.73674,-0.67610,0.00733,0.00787,0.00050,-0.00217,0.00061,
1767767796713630976,0.00048,-0.00006,-0.00060,0.73675,-0.67609,0.00732,0.00785,-0.00039,-0.00012,0.00002,
1767767796780340736,0.00049,-0.00012,-0.00058,0.73674,-0.67609,0.00731,0.00782,0.00037,-0.00213,0.00028,
1767767796847049984,0.00051,-0.00014,-0.00058,0.73674,-0.67610,0.00731,0.00783,0.00002,-0.00086,-0.00038,
1767767796913759744,0.00050,-0.00004,-0.00062,0.73676,-0.67607,0.00733,0.00788,-0.00006,0.00012,-0.00040,
1767767796980469760,0.00047,-0.00002,-0.00060,0.73675,-0.67608,0.00731,0.00784,0.00027,-0.00122,0.00031,
1767767797047179520,0.00040,-0.00003,-0.00058,0.73674,-0.67610,0.00730,0.00775,-0.00067,-0.00156,0.00059,
1767767797113889536,0.00044,-0.00003,-0.00060,0.73674,-0.67609,0.00732,0.00781,-0.00012,-0.00123,-0.00001,
1767767797180599296,0.00046,-0.00003,-0.00062,0.73675,-0.67608,0.00735,0.00786,-0.00006,-0.00137,0.00018,
1767767797247309056,0.00050,-0.00011,-0.00061,0.73676,-0.67607,0.00734,0.00786,0.00026,-0.00169,-0.00037,
1767767797314019328,0.00044,-0.00009,-0.00057,0.73673,-0.67610,0.00733,0.00780,-0.00066,-0.00071,0.00045,
1767767797380729088,0.00042,-0.00003,-0.00059,0.73674,-0.67609,0.00730,0.00776,-0.00022,-0.00059,0.00001,
1767767797447438080,0.00042,-0.00004,-0.00059,0.73674,-0.67609,0.00729,0.00776,0.00035,-0.00117,0.00007,
1767767797514145280,0.00043,-0.00002,-0.00063,0.73676,-0.67607,0.00732,0.00781,-0.00030,-0.00072,-0.00036,
1767767797580852480,0.00046,-0.00013,-0.00057,0.73674,-0.67610,0.00732,0.00779,0.00033,-0.00270,0.00059,
1767767797647559936,0.00046,-0.00018,-0.00053,0.73672,-0.67612,0.00730,0.00776,-0.00022,-0.00182,0.00049,
1767767797714267136,0.00049,-0.00017,-0.00057,0.73673,-0.67610,0.00732,0.00781,-0.00011,-0.00134,-0.00013,
1767767797780974336,0.00050,-0.00017,-0.00059,0.73674,-0.67609,0.00735,0.00785,-0.00039,-0.00109,0.00006,
1767767797847681536,0.00044,-0.00007,-0.00060,0.73675,-0.67608,0.00732,0.00779,-0.00066,-0.00034,-0.00032,
1767767797914389248,0.00044,-0.00013,-0.00058,0.73675,-0.67609,0.00729,0.00774,-0.00004,-0.00229,0.00033,
1767767797981096448,0.00045,-0.00014,-0.00058,0.73674,-0.67609,0.00731,0.00775,0.00001,-0.00032,-0.00037,
1767767798047803904,0.00041,-0.00008,-0.00058,0.73673,-0.67610,0.00732,0.00775,-0.00051,-0.00059,0.00004,
1767767798114511616,0.00045,-0.00013,-0.00057,0.73674,-0.67609,0.00730,0.00776,0.00050,-0.00182,0.00012,
1767767798181219072,0.00046,-0.00016,-0.00055,0.73673,-0.67610,0.00730,0.00776,-0.00027,-0.00092,0.00081,
1767767798247926528,0.00043,-0.00007,-0.00058,0.73674,-0.67609,0.00730,0.00777,-0.00034,-0.00033,-0.00013,
1767767798314633984,0.00045,-0.00012,-0.00057,0.73674,-0.67610,0.00730,0.00777,0.00025,-0.00204,0.00036,
1767767798381341696,0.00045,-0.00003,-0.00063,0.73676,-0.67607,0.00731,0.00781,-0.00049,0.00060,-0.00107,
1767767798448048640,0.00052,-0.00011,-0.00061,0.73675,-0.67608,0.00732,0.00786,0.00103,-0.00224,0.00010,
1767767798514754560,0.00044,-0.00006,-0.00060,0.73675,-0.67608,0.00733,0.00780,-0.00084,-0.00015,-0.00002,
1767767798581460480,0.00045,-0.00003,-0.00061,0.73674,-0.67609,0.00732,0.00782,0.00050,-0.00114,-0.00005,
1767767798648166400,0.00049,-0.00013,-0.00063,0.73677,-0.67606,0.00732,0.00783,0.00023,-0.00194,-0.00020,
1767767798714872320,0.00044,-0.00006,-0.00062,0.73676,-0.67607,0.00732,0.00779,-0.00080,0.00035,-0.00045,
1767767798781578240,0.00043,-0.00003,-0.00060,0.73675,-0.67608,0.00729,0.00777,0.00009,-0.00106,0.00020,
1767767798848284416,0.00043,-0.00003,-0.00061,0.73675,-0.67608,0.00729,0.00778,0.00003,-0.00103,0.00028,
1767767798914990080,0.00048,-0.00011,-0.00061,0.73675,-0.67608,0.00731,0.00781,0.00057,-0.00172,-0.00020,
1767767798981696256,0.00045,-0.00007,-0.00059,0.73674,-0.67609,0.00732,0.00780,-0.00044,-0.00048,0.00025,
1767767799048402176,0.00041,-0.00005,-0.00062,0.73676,-0.67607,0.00729,0.00775,-0.00021,-0.00152,0.00016,
1767767799115108352,0.00046,-0.00010,-0.00061,0.73676,-0.67608,0.00728,0.00775,0.00051,-0.00128,-0.00024,
1767767799181814272,0.00045,-0.00004,-0.00063,0.73676,-0.67607,0.00732,0.00781,-0.00062,0.00043,-0.00078,
1767767799248520192,0.00044,-0.00002,-0.00061,0.73675,-0.67608,0.00732,0.00780,-0.00039,-0.00126,0.00055,
1767767799315226112,0.00043,0.00000,-0.00062,0.73675,-0.67608,0.00729,0.00777,-0.00028,-0.00095,0.00009,
1767767799381932032,0.00046,-0.00010,-0.00059,0.73674,-0.67609,0.00729,0.00776,0.00036,-0.00223,0.00007,
1767767799448637184,0.00045,-0.00004,-0.00060,0.73674,-0.67609,0.00728,0.00778,0.00010,-0.00016,-0.00012,
1767767799515341312,0.00047,-0.00011,-0.00059,0.73674,-0.67609,0.00729,0.00778,0.00061,-0.00205,0.00037,
1767767799582045440,0.00050,-0.00014,-0.00058,0.73673,-0.67610,0.00731,0.00781,0.00003,-0.00089,0.00028,
1767767799648749824,0.00053,-0.00015,-0.00060,0.73674,-0.67609,0.00734,0.00787,0.00020,-0.00142,0.00001,
1767767799715454208,0.00046,-0.00008,-0.00061,0.73675,-0.67608,0.00731,0.00779,-0.00076,-0.00066,0.00029,
1767767799782158080,0.00043,-0.00002,-0.00065,0.73677,-0.67606,0.00732,0.00780,-0.00031,-0.00076,-0.00065,
1767767799848862720,0.00049,-0.00012,-0.00060,0.73675,-0.67608,0.00732,0.00780,0.00042,-0.00175,0.00023,
1767767799915566592,0.00046,-0.00005,-0.00061,0.73675,-0.67608,0.00729,0.00779,0.00023,0.00011,-0.00034,
1767767799982270720,0.00047,-0.00001,-0.00064,0.73676,-0.67607,0.00730,0.00784,0.00022,-0.00084,-0.00038,
1767767800048975104,0.00048,-0.00011,-0.00061,0.73675,-0.67608,0.00731,0.00780,0.00068,-0.00187,-0.00046,
1767767800115679232,0.00046,-0.00006,-0.00062,0.73675,-0.67608,0.00732,0.00780,-0.00071,0.00018,-0.00044,
1767767800182383616,0.00050,-0.00012,-0.00059,0.73674,-0.67609,0.00731,0.00782,0.00047,-0.00195,0.00080,
1767767800249087488,0.00049,-0.00016,-0.00058,0.73673,-0.67610,0.00730,0.00777,-0.00002,-0.00119,-0.00001,
1767767800315791872,0.00047,-0.00007,-0.00060,0.73674,-0.67609,0.00730,0.00779,-0.00024,-0.00034,-0.00005,
1767767800382496000,0.00048,-0.00013,-0.00059,0.73674,-0.67609,0.00729,0.00778,0.00044,-0.00242,0.00022,
1767767800449195264,0.00046,-0.00004,-0.00064,0.73676,-0.67607,0.00732,0.00781,-0.00035,0.00052,-0.00075,
1767767800515889152,0.00047,-0.00004,-0.00061,0.73674,-0.67609,0.00732,0.00783,0.00019,-0.00150,0.00078,
1767767800582583040,0.00046,0.00000,-0.00064,0.73675,-0.67608,0.00733,0.00784,0.00002,-0.00057,-0.00030,
1767767800649276416,0.00048,-0.00002,-0.00062,0.73675,-0.67608,0.00731,0.00783,0.00028,-0.00123,0.00023,
1767767800715970048,0.00045,-0.00000,-0.00062,0.73675,-0.67609,0.00730,0.00778,0.00012,-0.00102,-0.00016,
1767767800782663424,0.00045,-0.00001,-0.00062,0.73675,-0.67608,0.00729,0.00778,-0.00014,-0.00130,-0.00046,
1767767800849356288,0.00045,-0.00002,-0.00064,0.73676,-0.67607,0.00731,0.00780,-0.00030,-0.00127,-0.00004,
1767767800916049152,0.00049,-0.00009,-0.00061,0.73675,-0.67608,0.00731,0.00779,0.00018,-0.00168,0.00007,
1767767800982741760,0.00047,-0.00004,-0.00063,0.73674,-0.67609,0.00732,0.00782,-0.00065,-0.00014,-0.00057,
1767767801049434624,0.00052,-0.00012,-0.00059,0.73674,-0.67610,0.00730,0.00783,0.00076,-0.00218,0.00026,
1767767801116126976,0.00049,-0.00004,-0.00062,0.73674,-0.67609,0.00731,0.00784,-0.00008,0.00025,-0.00012,
1767767801182819072,0.00054,-0.00011,-0.00060,0.73673,-0.67610,0.00733,0.00789,0.00100,-0.00202,0.00054,
1767767801249510912,0.00047,-0.00006,-0.00060,0.73674,-0.67609,0.00732,0.00782,-0.00037,-0.00042,-0.00032,
1767767801316202752,0.00044,-0.00001,-0.00061,0.73674,-0.67609,0.00730,0.00777,-0.00001,-0.00093,-0.00011,
1767767801382894336,0.00044,-0.00003,-0.00061,0.73674,-0.67609,0.00730,0.00778,-0.00015,-0.00109,0.00004,
1767767801449593856,0.00046,-0.00011,-0.00059,0.73673,-0.67610,0.00730,0.00777,0.00049,-0.00210,0.00033,
1767767801516300800,0.00046,-0.00015,-0.00057,0.73672,-0.67611,0.00732,0.00775,-0.00039,-0.00104,0.00015,
1767767801583008256,0.00050,-0.00016,-0.00058,0.73672,-0.67611,0.00733,0.00781,-0.00013,-0.00111,0.00008,
1767767801649715712,0.00046,-0.00004,-0.00062,0.73675,-0.67608,0.00732,0.00781,-0.00019,0.00014,-0.00050,
1767767801716422912,0.00044,-0.00002,-0.00061,0.73674,-0.67610,0.00730,0.00778,-0.00018,-0.00104,0.00008,
1767767801783130368,0.00046,-0.00001,-0.00063,0.73674,-0.67609,0.00731,0.00783,-0.00001,-0.00109,-0.00027,
1767767801849837568,0.00052,-0.00011,-0.00061,0.73674,-0.67610,0.00733,0.00787,0.00049,-0.00196,0.00030,
1767767801916545280,0.00047,-0.00006,-0.00059,0.73672,-0.67611,0.00731,0.00780,-0.00061,-0.00018,0.00016,
1767767801983252480,0.00048,-0.00011,-0.00061,0.73673,-0.67610,0.00733,0.00781,-0.00008,-0.00160,-0.00008,
1767767802049959680,0.00053,-0.00014,-0.00059,0.73673,-0.67610,0.00731,0.00784,0.00034,-0.00100,-0.00025,
1767767802116667392,0.00046,-0.00006,-0.00058,0.73672,-0.67612,0.00728,0.00777,-0.00045,-0.00058,0.00066,
1767767802183374592,0.00046,0.00000,-0.00064,0.73674,-0.67609,0.00730,0.00782,-0.00017,-0.00057,-0.00023,
1767767802250082048,0.00051,0.00001,-0.00066,0.73676,-0.67607,0.00732,0.00789,0.00002,-0.00089,-0.00048,
1767767802316789504,0.00049,0.00000,-0.00063,0.73674,-0.67609,0.00730,0.00784,0.00013,-0.00094,0.00027,
1767767802383496960,0.00044,-0.00000,-0.00062,0.73673,-0.67610,0.00730,0.00777,-0.00065,-0.00134,0.00030,
1767767802450201600,0.00052,-0.00009,-0.00061,0.73673,-0.67610,0.00730,0.00783,0.00103,-0.00213,-0.00018,
1767767802516902400,0.00051,-0.00016,-0.00057,0.73671,-0.67612,0.00732,0.00781,-0.00065,-0.00123,0.00062,
1767767802583603712,0.00046,-0.00005,-0.00059,0.73672,-0.67612,0.00729,0.00777,-0.00046,-0.00029,-0.00002,
1767767802650304512,0.00048,-0.00010,-0.00060,0.73673,-0.67610,0.00729,0.00778,0.00034,-0.00174,-0.00024,
1767767802717005312,0.00047,-0.00005,-0.00061,0.73672,-0.67611,0.00732,0.00782,-0.00033,-0.00024,-0.00010,
1767767802783706112,0.00046,-0.00003,-0.00062,0.73673,-0.67610,0.00733,0.00782,0.00007,-0.00144,0.00042,
1767767802850406912,0.00045,-0.00002,-0.00063,0.73673,-0.67610,0.00732,0.00781,-0.00003,-0.00089,-0.00039,
1767767802917107712,0.00049,-0.00012,-0.00059,0.73672,-0.67611,0.00732,0.00781,0.00054,-0.00198,0.00030,
1767767802983808512,0.00046,-0.00006,-0.00060,0.73671,-0.67612,0.00734,0.00781,-0.00053,-0.00049,-0.00016,
1767767803050509312,0.00048,-0.00014,-0.00060,0.73673,-0.67610,0.00732,0.00780,0.00011,-0.00241,0.00047,
1767767803117209856,0.00043,-0.00007,-0.00058,0.73671,-0.67613,0.00732,0.00775,-0.00067,-0.00033,0.00020,
1767767803183910400,0.00048,-0.00011,-0.00062,0.73673,-0.67610,0.00734,0.00781,0.00013,-0.00152,-0.00073,
1767767803250610944,0.00049,-0.00017,-0.00057,0.73670,-0.67613,0.00733,0.00780,0.00017,-0.00118,0.00028,
1767767803317311488,0.00047,-0.00017,-0.00057,0.73670,-0.67613,0.00733,0.00777,-0.00054,-0.00122,0.00011,
1767767803384012032,0.00047,-0.00017,-0.00056,0.73670,-0.67614,0.00732,0.00776,-0.00016,-0.00095,0.00006,
1767767803450713344,0.00046,-0.00006,-0.00060,0.73672,-0.67612,0.00730,0.00778,0.00004,-0.00008,-0.00038,
1767767803517416192,0.00043,-0.00003,-0.00060,0.73672,-0.67612,0.00731,0.00778,0.00020,-0.00127,0.00013,
1767767803584118784,0.00047,-0.00011,-0.00059,0.73672,-0.67612,0.00731,0.00778,0.00058,-0.00196,0.00008,
1767767803650821376,0.00050,-0.00016,-0.00057,0.73671,-0.67613,0.00729,0.00779,0.00051,-0.00135,0.00007,
1767767803717523968,0.00048,-0.00015,-0.00058,0.73671,-0.67612,0.00731,0.00777,-0.00058,-0.00089,-0.00028,
1767767803784226560,0.00046,-0.00005,-0.00062,0.73672,-0.67611,0.00732,0.00781,-0.00062,-0.00012,-0.00046,
1767767803850929152,0.00046,-0.00002,-0.00064,0.73674,-0.67609,0.00732,0.00781,-0.00012,-0.00091,-0.00017,
1767767803917631744,0.00047,-0.00010,-0.00059,0.73671,-0.67612,0.00729,0.00777,0.00049,-0.00172,0.00012,
1767767803984334080,0.00047,-0.00006,-0.00057,0.73669,-0.67614,0.00729,0.00779,0.00009,-0.00069,0.00063,
1767767804051036416,0.00045,-0.00012,-0.00061,0.73674,-0.67610,0.00730,0.00775,-0.00009,-0.00196,-0.00062,
1767767804117738752,0.00045,-0.00003,-0.00060,0.73672,-0.67612,0.00730,0.00776,-0.00006,0.00032,-0.00047,
1767767804184440832,0.00042,-0.00004,-0.00061,0.73672,-0.67611,0.00732,0.00776,-0.00061,-0.00181,-0.00006,
1767767804251143168,0.00049,-0.00010,-0.00061,0.73672,-0.67611,0.00732,0.00781,0.00094,-0.00132,-0.00022,
1767767804317845248,0.00054,-0.00015,-0.00059,0.73671,-0.67612,0.00735,0.00788,0.00034,-0.00121,0.00004,
1767767804384547584,0.00049,-0.00016,-0.00058,0.73671,-0.67612,0.00734,0.00780,-0.00029,-0.00125,-0.00025,
1767767804451251200,0.00044,-0.00005,-0.00061,0.73672,-0.67611,0.00731,0.00777,-0.00044,-0.00006,-0.00052,
1767767804517956096,0.00045,-0.00012,-0.00057,0.73670,-0.67614,0.00732,0.00776,-0.00012,-0.00219,0.00034,
1767767804584660480,0.00048,-0.00014,-0.00058,0.73671,-0.67613,0.00731,0.00777,0.00009,-0.00048,-0.00093,
1767767804651365632,0.00048,-0.00016,-0.00056,0.73669,-0.67614,0.00731,0.00777,0.00010,-0.00111,-0.00001,
1767767804718070272,0.00050,-0.00015,-0.00059,0.73671,-0.67613,0.00733,0.00782,-0.00012,-0.00080,-0.00051,
1767767804784774912,0.00046,-0.00005,-0.00061,0.73672,-0.67612,0.00733,0.00781,-0.00060,0.00008,-0.00008,
1767767804851479808,0.00044,-0.00001,-0.00062,0.73672,-0.67611,0.00732,0.00778,0.00016,-0.00090,0.00003,
1767767804918184192,0.00043,-0.00002,-0.00061,0.73671,-0.67612,0.00731,0.00777,-0.00037,-0.00108,0.00020,
1767767804984889088,0.00043,-0.00003,-0.00060,0.73671,-0.67612,0.00731,0.00778,0.00001,-0.00098,0.00033,
1767767805051593728,0.00044,-0.00001,-0.00063,0.73672,-0.67612,0.00733,0.00780,-0.00026,-0.00100,-0.00018,
1767767805118298368,0.00049,-0.00011,-0.00058,0.73670,-0.67614,0.00732,0.00782,0.00065,-0.00217,0.00052,
1767767805185003008,0.00049,-0.00015,-0.00057,0.73669,-0.67615,0.00734,0.00781,-0.00035,-0.00095,-0.00008,
1767767805251707904,0.00048,-0.00006,-0.00060,0.73671,-0.67613,0.00733,0.00783,0.00004,-0.00021,-0.00027,
1767767805318412288,0.00044,-0.00001,-0.00062,0.73672,-0.67612,0.00731,0.00778,0.00015,-0.00056,-0.00066,
1767767805385116928,0.00045,-0.00011,-0.00056,0.73669,-0.67615,0.00731,0.00776,0.00053,-0.00209,0.00053,
1767767805451821056,0.00048,-0.00013,-0.00058,0.73670,-0.67613,0.00733,0.00778,-0.00009,-0.00060,-0.00072,
1767767805518524672,0.00044,-0.00004,-0.00058,0.73669,-0.67614,0.00732,0.00777,-0.00039,-0.00018,0.00008,
1767767805585228544,0.00044,-0.00000,-0.00063,0.73671,-0.67612,0.00735,0.00782,-0.00033,-0.00057,-0.00049,
1767767805651932160,0.00044,-0.00002,-0.00061,0.73671,-0.67613,0.00734,0.00780,-0.00020,-0.00122,0.00017,
1767767805718636032,0.00047,-0.00000,-0.00062,0.73670,-0.67613,0.00732,0.00783,0.00073,-0.00123,-0.00017,
1767767805785339648,0.00052,-0.00009,-0.00061,0.73671,-0.67613,0.00735,0.00787,0.00066,-0.00196,0.00013,
1767767805852043264,0.00046,-0.00004,-0.00061,0.73671,-0.67613,0.00733,0.00781,-0.00035,-0.00007,-0.00025,
1767767805918746624,0.00045,-0.00001,-0.00061,0.73671,-0.67613,0.00729,0.00778,0.00017,-0.00128,0.00011,
1767767805985450496,0.00045,-0.00002,-0.00062,0.73670,-0.67613,0.00733,0.00781,0.00014,-0.00129,-0.00003,
1767767806052154112,0.00049,-0.00001,-0.00063,0.73671,-0.67612,0.00733,0.00786,0.00011,-0.00145,0.00035,
1767767806118857728,0.00045,-0.00001,-0.00062,0.73671,-0.67612,0.00732,0.00781,0.00032,-0.00113,0.00002,
1767767806185561088,0.00042,-0.00001,-0.00061,0.73670,-0.67614,0.00730,0.00775,-0.00049,-0.00095,-0.00007,
1767767806252264960,0.00044,0.00001,-0.00064,0.73671,-0.67612,0.00731,0.00779,-0.00030,-0.00071,-0.00075,
1767767806318968576,0.00048,-0.00000,-0.00064,0.73672,-0.67612,0.00733,0.00785,0.00038,-0.00093,-0.00015,
1767767806385672192,0.00047,-0.00012,-0.00058,0.73669,-0.67615,0.00731,0.00778,0.00013,-0.00201,0.00035,
1767767806452371712,0.00048,-0.00015,-0.00057,0.73667,-0.67616,0.00734,0.00780,0.00004,-0.00088,-0.00002,
1767767806519067648,0.00048,-0.00005,-0.00062,0.73670,-0.67614,0.00735,0.00785,-0.00072,0.00004,-0.00035,
1767767806585763328,0.00049,-0.00000,-0.00063,0.73671,-0.67613,0.00732,0.00787,0.00148,-0.00110,0.00005,
1767767806652458496,0.00044,-0.00003,-0.00060,0.73669,-0.67615,0.00733,0.00779,-0.00040,-0.00164,0.00014,
1767767806719153920,0.00044,-0.00002,-0.00061,0.73669,-0.67615,0.00733,0.00780,-0.00001,-0.00066,-0.00044,
1767767806785848832,0.00045,-0.00003,-0.00059,0.73668,-0.67615,0.00731,0.00780,0.00090,-0.00131,0.00059,
1767767806852543744,0.00043,-0.00003,-0.00059,0.73668,-0.67616,0.00733,0.00778,-0.00081,-0.00145,0.00040,
1767767806919238656,0.00047,-0.00010,-0.00059,0.73669,-0.67614,0.00731,0.00778,0.00057,-0.00195,-0.00027,
1767767806985933056,0.00042,-0.00006,-0.00058,0.73668,-0.67616,0.00730,0.00774,-0.00109,-0.00035,-0.00017,
1767767807052627712,0.00047,-0.00011,-0.00059,0.73668,-0.67616,0.00732,0.00778,0.00050,-0.00168,-0.00014,
1767767807119321856,0.00046,-0.00006,-0.00058,0.73667,-0.67616,0.00731,0.00779,-0.00002,-0.00032,0.00020,
1767767807186016000,0.00041,-0.00004,-0.00060,0.73668,-0.67616,0.00730,0.00775,-0.00011,-0.00107,-0.00025,
1767767807252709888,0.00047,-0.00002,-0.00061,0.73669,-0.67615,0.00731,0.00783,0.00066,-0.00083,0.00010,
1767767807319403776,0.00047,-0.00002,-0.00064,0.73671,-0.67612,0.00735,0.00786,0.00002,-0.00103,-0.00016,
1767767807386097408,0.00044,-0.00005,-0.00060,0.73669,-0.67614,0.00732,0.00779,0.00004,-0.00139,0.00038,
1767767807452792576,0.00041,-0.00004,-0.00059,0.73668,-0.67615,0.00732,0.00774,-0.00020,-0.00128,0.00011,
1767767807519489536,0.00042,-0.00003,-0.00061,0.73669,-0.67615,0.00733,0.00778,-0.00030,-0.00096,-0.00003,
1767767807586186240,0.00044,-0.00002,-0.00062,0.73670,-0.67613,0.00732,0.00778,0.00013,-0.00098,0.00006,
1767767807652882944,0.00045,-0.00011,-0.00061,0.73670,-0.67614,0.00733,0.00778,-0.00004,-0.00171,-0.00041,
1767767807719579648,0.00048,-0.00004,-0.00063,0.73670,-0.67613,0.00734,0.00785,-0.00025,0.00033,-0.00073,
1767767807786276096,0.00046,-0.00012,-0.00059,0.73669,-0.67615,0.00733,0.00778,0.00065,-0.00234,0.00058,
1767767807852972800,0.00043,-0.00004,-0.00060,0.73669,-0.67615,0.00730,0.00775,-0.00046,0.00002,-0.00028,
1767767807919668992,0.00043,-0.00002,-0.00060,0.73668,-0.67616,0.00732,0.00779,0.00004,-0.00147,0.00061,
1767767807986365440,0.00044,0.00000,-0.00062,0.73670,-0.67614,0.00731,0.00779,-0.00015,-0.00091,0.00037,
1767767808053061376,0.00044,-0.00009,-0.00059,0.73669,-0.67615,0.00730,0.00775,0.00016,-0.00202,-0.00001,
1767767808119757568,0.00049,-0.00015,-0.00056,0.73666,-0.67618,0.00731,0.00779,-0.00013,-0.00156,0.00061,
1767767808186453504,0.00052,-0.00013,-0.00059,0.73669,-0.67615,0.00728,0.00781,0.00051,-0.00091,0.00010,
1767767808253149440,0.00048,-0.00014,-0.00058,0.73667,-0.67617,0.00726,0.00775,0.00010,-0.00112,-0.00042,
1767767808319845120,0.00050,-0.00011,-0.00058,0.73667,-0.67617,0.00728,0.00779,-0.00001,-0.00027,-0.00005,
1767767808386541056,0.00055,-0.00011,-0.00060,0.73668,-0.67615,0.00730,0.00787,-0.00007,-0.00121,-0.00006,
1767767808453240064,0.00056,-0.00011,-0.00060,0.73668,-0.67615,0.00729,0.00788,0.00015,-0.00127,0.00012,
1767767808519942656,0.00054,-0.00012,-0.00059,0.73667,-0.67616,0.00729,0.00786,0.00023,-0.00134,0.00040,
1767767808586645248,0.00047,-0.00009,-0.00057,0.73665,-0.67619,0.00728,0.00774,-0.00058,-0.00044,-0.00008,
1767767808653348096,0.00042,-0.00010,-0.00054,0.73663,-0.67621,0.00724,0.00766,-0.00011,-0.00088,-0.00022,
1767767808720050688,0.00040,-0.00009,-0.00055,0.73663,-0.67622,0.00725,0.00764,-0.00053,-0.00076,-0.00028,
1767767808786753280,0.00039,-0.00012,-0.00052,0.73660,-0.67624,0.00724,0.00762,-0.00015,-0.00121,-0.00006,
1767767808853455872,0.00042,-0.00010,-0.00055,0.73661,-0.67623,0.00726,0.00768,0.00015,-0.00081,-0.00033,
1767767808920158464,0.00042,-0.00011,-0.00053,0.73661,-0.67623,0.00726,0.00767,0.00000,-0.00122,-0.00002,
1767767808986861312,0.00040,-0.00011,-0.00052,0.73660,-0.67624,0.00724,0.00763,0.00029,-0.00117,0.00043,
1767767809053564160,0.00037,-0.00015,-0.00051,0.73659,-0.67626,0.00722,0.00759,-0.00002,-0.00177,0.00022,
1767767809120266752,0.00035,-0.00012,-0.00050,0.73659,-0.67625,0.00726,0.00758,-0.00048,-0.00071,0.00007,
1767767809186969600,0.00035,-0.00014,-0.00051,0.73659,-0.67626,0.00724,0.00758,-0.00015,-0.00160,0.00021,
1767767809253672192,0.00038,-0.00012,-0.00054,0.73662,-0.67623,0.00729,0.00764,-0.00029,-0.00055,-0.00027,
1767767809320375040,0.00042,-0.00012,-0.00055,0.73663,-0.67622,0.00729,0.00769,-0.00030,-0.00090,0.00023,
1767767809387077632,0.00040,-0.00011,-0.00055,0.73663,-0.67622,0.00726,0.00765,0.00021,-0.00069,-0.00019,
1767767809453779200,0.00039,-0.00011,-0.00054,0.73662,-0.67622,0.00727,0.00764,-0.00053,-0.00087,0.00003,
1767767809520479744,0.00033,-0.00007,-0.00043,0.73652,-0.67633,0.00730,0.00760,0.00042,-0.00110,0.00023,
1767767809587180032,0.00031,-0.00004,-0.00043,0.73652,-0.67633,0.00731,0.00759,-0.00009,-0.00077,-0.00020,
1767767809653880576,0.00027,-0.00003,-0.00041,0.73651,-0.67635,0.00730,0.00754,0.00008,-0.00082,-0.00013,
1767767809720580864,0.00028,-0.00002,-0.00041,0.73650,-0.67636,0.00732,0.00758,0.00018,-0.00041,-0.00042,
1767767809787281152,0.00027,-0.00004,-0.00040,0.73650,-0.67636,0.00732,0.00756,0.00000,-0.00103,0.00002,
1767767809853981184,0.00022,-0.00006,-0.00037,0.73647,-0.67639,0.00728,0.00747,-0.00026,-0.00111,0.00018,
1767767809920681216,0.00021,-0.00001,-0.00036,0.73646,-0.67640,0.00729,0.00747,-0.00001,-0.00001,-0.00025,
1767767809987381504,0.00024,-0.00002,-0.00039,0.73647,-0.67638,0.00734,0.00754,-0.00022,-0.00073,-0.00031,
1767767810054081280,0.00026,-0.00006,-0.00039,0.73647,-0.67639,0.00732,0.00756,-0.00005,-0.00138,0.00036,
1767767810120781056,0.00024,-0.00009,-0.00038,0.73646,-0.67640,0.00731,0.00751,-0.00045,-0.00121,-0.00016,
1767767810187481088,0.00028,-0.00004,-0.00041,0.73649,-0.67637,0.00733,0.00758,0.00007,-0.00046,-0.00003,
1767767810254180864,0.00027,-0.00004,-0.00039,0.73648,-0.67637,0.00732,0.00756,-0.00022,-0.00108,0.00039,
1767767810320880640,0.00026,-0.00004,-0.00041,0.73649,-0.67637,0.00734,0.00756,-0.00015,-0.00101,-0.00023,
1767767810387580416,0.00030,-0.00005,-0.00042,0.73650,-0.67636,0.00735,0.00763,-0.00000,-0.00091,0.00026,
